filename,patch_size,num_height,num_width,bird_indicies (space separated)
Camera 2\1. 28 Sept - 5 Oct 2016\103RECNX\IMG_5991 b.JPG,128,11,16,72
Camera 2\1. 28 Sept - 5 Oct 2016\103RECNX\IMG_5397 b.JPG,128,11,16,066 068 070 072 075
Camera 2\1. 28 Sept - 5 Oct 2016\103RECNX\IMG_4360 b.JPG,128,11,16,74
Camera 3\2. 5 Oct -28 Oct 2016\100RECNX\IMG_0599 b.JPG,128,11,16,016 017 018 025 026 027 033
Camera 6\2. 5 Oct - 28 Oct 2016\100RECNX\IMG_2862 b.JPG,128,11,16,054 055
Camera 2\2. 5 Oct - 28 Oct 2016\100RECNX\IMG_4475 b.JPG,128,11,16,039 040 041 053 054 055 056 057 058 060 087
Camera 2\2. 5 Oct - 28 Oct 2016\100RECNX\IMG_3376 b.JPG,128,11,16,65
Camera 6\2. 5 Oct - 28 Oct 2016\100RECNX\IMG_2556 b.JPG,128,11,16,037 053 054
Camera 2\1. 28 Sept - 5 Oct 2016\103RECNX\IMG_2509 b.JPG,128,11,16,009 018 025 032 073 074
Camera 1\2. 5 Oct - 28 Oct 2016\100RECNX\IMG_4389 b.JPG,128,11,16,61
Camera 6\2. 5 Oct - 28 Oct 2016\100RECNX\IMG_1414 b.JPG,128,11,16,102
Camera 3\2. 5 Oct -28 Oct 2016\100RECNX\IMG_0796 b.JPG,128,11,16,006 073
Camera 2\2. 5 Oct - 28 Oct 2016\100RECNX\IMG_1911 b.JPG,128,11,16,008 010 024 025 026 028 029 033 034 035 036 037 038 039 040 041 042 043 044 045 046 050 051 052 053 054 055 056 057 058 059 060 061 062 063 064 065 066 067 068 069 070 071 072 073 074 075 076 077 078 079 080 081 082 083 084 085 086 087 088 089 090 091 092 093 094 096 097 098 099 100 101 102 103 104 105 106 107 108 109 112 113 114 115 116 117 118 119 120 121 122 128 129 130 131 132 133 134 135 137 144 145 146 147 149 150 162 165
Camera 2\2. 5 Oct - 28 Oct 2016\100RECNX\IMG_1341 b.JPG,128,11,16,062 063
Camera 3\2. 5 Oct -28 Oct 2016\100RECNX\IMG_3433 b.JPG,128,11,16,21
Camera 1\2. 5 Oct - 28 Oct 2016\100RECNX\IMG_4472 b.JPG,128,11,16,039 040 041 042 043 044 045
Camera 6\2. 5 Oct - 28 Oct 2016\100RECNX\IMG_4431 b.JPG,128,11,16,088 101 102 103 116 117 118 119 120 132 133 134 135 136 137 170 173
Camera 2\2. 5 Oct - 28 Oct 2016\100RECNX\IMG_6352 b.JPG,128,11,16,027 043 045 046 061 062 081 082 083 090 099 106 108 124 125 135 144 145 146 151
Camera 2\2. 5 Oct - 28 Oct 2016\100RECNX\IMG_0889 b.JPG,128,11,16,000 001 002 003 006 007 009 010 013 015 016 017 018 019 020 021 022 023 024 025 026 027 028 029 030 031 032 033 034 035 036 037 038 039 040 041 042 043 044 045 046 047 048 049 050 051 052 053 054 055 056 057 058 059 060 061 062 063 064 066 067 068 069 070 071 072 073 074 075 076 077 078 079 083 084 085 086 087 088 089 090 091 092 093 094 095 099 102 106 107 108 109 110 111
Camera 2\2. 5 Oct - 28 Oct 2016\100RECNX\IMG_4477 b.JPG,128,11,16,007 039
Camera 1\2. 5 Oct - 28 Oct 2016\100RECNX\IMG_5266 b.JPG,128,11,16,039 040 045 054 055 056 057 058 059 060 061 062 063 074 076 077 078 079 088 089 090 091 092 093 094 095 098 100 101 102 103 104 105 106 107 108 109 110 111 112 114 116 117 118 119 121 124 125 127 129 130 132 134 135 136 137 140 141 142 143 144 147 149 151 152 153 158 160 163 164 165 166 169 173 174 175
Camera 6\1. 28 Sept - 5 Oct 2016\100RECNX\IMG_1591 b.JPG,128,11,16,095 111
Camera 2\1. 28 Sept - 5 Oct 2016\103RECNX\IMG_5403 b.JPG,128,11,16,067 070
Camera 2\1. 28 Sept - 5 Oct 2016\103RECNX\IMG_4402 b.JPG,128,11,16,053 056 058 059 071 072 074 075 076
Camera 3\2. 5 Oct -28 Oct 2016\100RECNX\IMG_0652 b.JPG,128,11,16,51
Camera 6\2. 5 Oct - 28 Oct 2016\100RECNX\IMG_2886 b.JPG,128,11,16,
Camera 2\2. 5 Oct - 28 Oct 2016\100RECNX\IMG_4489 b.JPG,128,11,16,059 060 074 075 076 077 089 092 093 094 095 097 098 099 100 101 102 103 104 105 106 107 108 109 110 111 112 113 114 115 116 117 118 119 120 121 122 123 124 125 126 128 129 130 131 132 133 134 135 136 137 138 139 147 148 153 161 162 169
Camera 6\1. 28 Sept - 5 Oct 2016\100RECNX\IMG_0155  b.JPG,128,11,16,014 030
Camera 2\2. 5 Oct - 28 Oct 2016\100RECNX\IMG_3388 b.JPG,128,11,16,048 049 050 064 065 066 067 069 071 073
Camera 6\2. 5 Oct - 28 Oct 2016\100RECNX\IMG_2665 b.JPG,128,11,16,055 064 065 066 067 068 069 070 071 072 073 074 080 081 082
Camera 2\2. 5 Oct - 28 Oct 2016\100RECNX\IMG_0903 b.JPG,128,11,16,116 117 118
Camera 2\1. 28 Sept - 5 Oct 2016\103RECNX\IMG_2521 b.JPG,128,11,16,007 008 010 011 012 013 014 022 025 026 027 029 030 042 043 044 050 056 059 069 071 076
Camera 1\2. 5 Oct - 28 Oct 2016\100RECNX\IMG_4390 b.JPG,128,11,16,061 082
Camera 6\2. 5 Oct - 28 Oct 2016\100RECNX\IMG_1571 b.JPG,128,11,16,011 064 065 066 067 068 069 070 071 072 073 080 081 082 083
Camera 2\2. 5 Oct - 28 Oct 2016\100RECNX\IMG_1926 b.JPG,128,11,16,052 102 103 104 107 118 119 120
Camera 2\2. 5 Oct - 28 Oct 2016\100RECNX\IMG_1353 b.JPG,128,11,16,108 109 110 111 116 117 118 125 126 127 133 134 142
Camera 1\2. 5 Oct - 28 Oct 2016\100RECNX\IMG_4474 b.JPG,128,11,16,003 022 041 042 043 044 045 046 048 049 050 051 052 053 054 055 056 057 058 059 060 061 062 064 065 066 067 068 069 070 071 072 073 074 075 076 082 083 084 086 087 101 103 104 105 108 114 115 116 119 121 124 151 152 166 167
Camera 6\2. 5 Oct - 28 Oct 2016\100RECNX\IMG_5516 b.JPG,128,11,16,048 050 051 054 055 061 064 065 066 067 068
Camera 6\2. 5 Oct - 28 Oct 2016\100RECNX\IMG_4457 b.JPG,128,11,16,064 065 066 067 068 069 070 071 072 073 080 081 082 083 084 085
Camera 2\2. 5 Oct - 28 Oct 2016\100RECNX\IMG_0898 b.JPG,128,11,16,116 117 118 119 120 133
Camera 6\2. 5 Oct - 28 Oct 2016\100RECNX\IMG_4135 b.JPG,128,11,16,016 020 049 052 054 055 065 066 067 068 070
Camera 2\2. 5 Oct - 28 Oct 2016\100RECNX\IMG_4491 b.JPG,128,11,16,054 059 060 074 075 076 077 088 089 092 097 099 100 101 103 104 107 108 109 110 113 114 115 116 117 124 126 129 130 131 132 133 134 136 137 147 163 167
Camera 1\2. 5 Oct - 28 Oct 2016\100RECNX\IMG_5269 b.JPG,128,11,16,008 010 011 012 013 014 015 021 022 023 024 025 026 027 028 029 030 031 032 034 035 036 037 038 039 040 041 042 043 044 045 046 047 048 050 052 053 054 055 056 057 058 059 060 061 062 063 064 065 066 067 068 069 070 071 072 073 074 075 076 077 078 079 080 081 082 083 084 085 086 087 088 089 090 091 092 093 094 095 096 097 098 099 100 101 102 103 104 105 106 107 108 109 110 111 112 113 114 115 116 117 118 119 120 121 122 123 124 125 126 127 128 129 130 131 132 133 134 135 136 137 138 139 140 141 142 143 144 145 146 147 148 149 150 151 152 153 154 156 157 158 159 160 161 162 163 164 165 166 167 168 169 170 171 172 173 174 175
Camera 2\2. 5 Oct - 28 Oct 2016\100RECNX\IMG_2548 b.JPG,128,11,16,056 057 070 071 072 073 074 075 077 078 087 088 089 090 118
Camera 3\2. 5 Oct -28 Oct 2016\100RECNX\IMG_2609 b.JPG,128,11,16,51
Camera 2\1. 28 Sept - 5 Oct 2016\103RECNX\IMG_5398 b.JPG,128,11,16,071 085 086 087 088 089 090 091 092
Camera 2\2. 5 Oct - 28 Oct 2016\100RECNX\IMG_3230 b.JPG,128,11,16,011 014 033 034 035 036 037 038 039 040 041 043 046 049 050 051 052 053 054 055 056 057 058 059 060 061 062 063 070 073 074 075 076 077 078 079 118
Camera 2\2. 5 Oct - 28 Oct 2016\100RECNX\IMG_2435 b.JPG,128,11,16,102 103 104 115 116 117 118 119 120 132 143
Camera 6\1. 28 Sept - 5 Oct 2016\100RECNX\IMG_1363 b.JPG,128,11,16,
Camera 3\2. 5 Oct -28 Oct 2016\100RECNX\IMG_2408 w b.JPG,128,11,16,001 002 017 018 019 054
Camera 2\2. 5 Oct - 28 Oct 2016\100RECNX\IMG_2447 b.JPG,128,11,16,077 093 104 105 106 109 110 115 118 119 125 126 127 135 142
Camera 2\2. 5 Oct - 28 Oct 2016\100RECNX\IMG_2613 b.JPG,128,11,16,73
Camera 6\1. 28 Sept - 5 Oct 2016\100RECNX\IMG_0377 b.JPG,128,11,16,009 010 011 012 013 014 015 021 022 027 030 037 038 039 054
Camera 2\1. 28 Sept - 5 Oct 2016\103RECNX\IMG_6016 b.JPG,128,11,16,022 024 033 034 035 036 037 038 039 040 041 042 043 044 045 046 047 048 049 050 051 052 053 054 055 056 057 058 059 060 061 062 063 064 065 066 067 068 069 070 071 072 073 074 075 076 077 078 079 080 081 082 083 084 085 086 087 088 089 090 091 092 093 094 095
Camera 6\1. 28 Sept - 5 Oct 2016\100RECNX\IMG_1626 b.JPG,128,11,16,005 021 057 083 084 085 101 102 104 117 118 119 120 133 134 135 136 137
Camera 2\1. 28 Sept - 5 Oct 2016\103RECNX\IMG_5410 b.JPG,128,11,16,097 101 102 103 109 110 111 112 113 114 116 117 118
Camera 2\1. 28 Sept - 5 Oct 2016\103RECNX\IMG_4427 b.JPG,128,11,16,039 064 065
Camera 3\2. 5 Oct -28 Oct 2016\100RECNX\IMG_0793 b.JPG,128,11,16,008 009 010 023 024 025 026
Camera 6\2. 5 Oct - 28 Oct 2016\100RECNX\IMG_3147 b.JPG,128,11,16,000 001 002 003 004 005 006 007 008 009 010 011 012 013 014 016 017 018 019 020 021 022 023 024 026 027 028 029 031 032 033 034 035 036 037 038 039 040 041 042 043 044 048 049 050 051 052 053 054 055 056 057 058 060 064 065 066 067 068 069 070 071 072 073 074 075 076 080 081 082 083 084 085 086 087 088 089 090 091 092 097 103 104 105 106 107 112
Camera 2\2. 5 Oct - 28 Oct 2016\100RECNX\IMG_4509 b.JPG,128,11,16,059 060 074 075 076 084 088 089 090 091 092 093 094 099 100 101 102 103 104 105 106 107 108 109 110 111 112 113 114 115 116 117 118 119 120 121 122 123 124 128 129 130 131 135 144 145 146 163
Camera 6\1. 28 Sept - 5 Oct 2016\100RECNX\IMG_0397 b.JPG,128,11,16,006 007 008 023 025
Camera 6\2. 5 Oct - 28 Oct 2016\100RECNX\IMG_2699 b.JPG,128,11,16,037 050
Camera 2\2. 5 Oct - 28 Oct 2016\100RECNX\IMG_0913 b.JPG,128,11,16,
Camera 2\1. 28 Sept - 5 Oct 2016\103RECNX\IMG_2531 b.JPG,128,11,16,051 072
Camera 1\2. 5 Oct - 28 Oct 2016\100RECNX\IMG_4391 b.JPG,128,11,16,95
Camera 6\2. 5 Oct - 28 Oct 2016\100RECNX\IMG_1928 b.JPG,128,11,16,101
Camera 3\2. 5 Oct -28 Oct 2016\100RECNX\IMG_0947 b.JPG,128,11,16,000 001 002 003 004 005 006 007 009 016 017 018 019 020 021 022 023 024 025 026 027 028 032 033 034 035 036 037 038 039 040 041 042 043 044 046 048 049 050 051 052 053 054 055 056 057 058 059 060 061 064 065 066 067 068 069 070 071
Camera 2\2. 5 Oct - 28 Oct 2016\100RECNX\IMG_1945 b.JPG,128,11,16,093 094 095 102 103 104 105 108 109 110 111 117 118 119 120 121 122 123 124 125 126 127 138 141
Camera 2\2. 5 Oct - 28 Oct 2016\100RECNX\IMG_1364 b.JPG,128,11,16,021 064 066 068 069 070 088 106 107 108 109 110 111 117 118 120 121 122
Camera 3\2. 5 Oct -28 Oct 2016\100RECNX\IMG_3641 b.JPG,128,11,16,000 001 002 003 004 005 016 017 018 019 020 021
Camera 1\2. 5 Oct - 28 Oct 2016\100RECNX\IMG_4476 b.JPG,128,11,16,044 045 046 047 058 059 060 061 062 063 073 074 075 076 077 078 079 091 092 093 094 095 106 107 108 109 110 111 121 122 136 139 140 151 153 155 156 170 171 173
Camera 3\2. 5 Oct -28 Oct 2016\100RECNX\IMG_1671 b.JPG,128,11,16,022 023
Camera 6\2. 5 Oct - 28 Oct 2016\100RECNX\IMG_4584 b.JPG,128,11,16,012 015 020 021 035 036 037 040 041 052 053 054 055 056 057 075 076 077 078 079 091 092 093 094 095
Camera 3\1. 28 Sept - 5 Oct 2016\100RECNX\IMG_0686 b.JPG,128,11,16,049 052 053 054 058 059 060 064 065 066 067 068 069 070 071 072 073 074 075 076 077 078 079 080 081 082 083 084 085 086 087 088 089 090 091 092 093 094 095 096 100 102 103 104 105 106 116 118 120
Camera 2\2. 5 Oct - 28 Oct 2016\100RECNX\IMG_0908 b.JPG,128,11,16,101 103 107 109 110 111 113 115 116 117 118 119 120 121 122 129 132 133
Camera 6\2. 5 Oct - 28 Oct 2016\100RECNX\IMG_4171 b.JPG,128,11,16,053 054
Camera 2\1. 28 Sept - 5 Oct 2016\103RECNX\IMG_6022 b.JPG,128,11,16,064 065 066 067 068 069 080 081 082 083 084 085
Camera 6\1. 28 Sept - 5 Oct 2016\100RECNX\IMG_1694 b.JPG,128,11,16,102 103 118 119 120 121 134 135 136 138 143
Camera 2\1. 28 Sept - 5 Oct 2016\103RECNX\IMG_5415 b.JPG,128,11,16,119
Camera 2\1. 28 Sept - 5 Oct 2016\103RECNX\IMG_4465 b.JPG,128,11,16,016 032 034 055
Camera 6\2. 5 Oct - 28 Oct 2016\100RECNX\IMG_3178 b.JPG,128,11,16,007 008 009 010 011 020 023 024 025 026 039 040 041 042 045 053 054
Camera 2\2. 5 Oct - 28 Oct 2016\100RECNX\IMG_4547 b.JPG,128,11,16,060 075 076 077
Camera 6\1. 28 Sept - 5 Oct 2016\100RECNX\IMG_0428 b.JPG,128,11,16,018 019 020 036 037 038 039 054 055
Camera 2\1. 28 Sept - 5 Oct 2016\103RECNX\IMG_6035 b.JPG,128,11,16,65
Camera 6\1. 28 Sept - 5 Oct 2016\100RECNX\IMG_1761 b.JPG,128,11,16,044 047
Camera 2\1. 28 Sept - 5 Oct 2016\103RECNX\IMG_5427 b.JPG,128,11,16,010 013 014 015 028 029 030 073 074
Camera 2\1. 28 Sept - 5 Oct 2016\103RECNX\IMG_4508 b.JPG,128,11,16,037 053
Camera 6\2. 5 Oct - 28 Oct 2016\100RECNX\IMG_3186 b.JPG,128,11,16,32
Camera 2\2. 5 Oct - 28 Oct 2016\100RECNX\IMG_4551 b.JPG,128,11,16,001 016 017 033 034 035 038 052 053 054 057 060 069 070 071 074 075 076 077 085 087 088 089 090 091 092 093 094 095 099 100 101 102 103 104 105 106 107 108 109 110 111 112 113 114 115 116 117 118 119 120 121 123 124 125 126 128 129 131 137
Camera 6\1. 28 Sept - 5 Oct 2016\100RECNX\IMG_0434 b.JPG,128,11,16,39
Camera 2\2. 5 Oct - 28 Oct 2016\100RECNX\IMG_3443 b.JPG,128,11,16,086 087 088 089 090 091 092 093 094
Camera 2\2. 5 Oct - 28 Oct 2016\100RECNX\IMG_0924 b.JPG,128,11,16,114 116 117 118 119 120 121 122 123 129 130 131 132 133 134 135 136 137 138 139 145 146 147 148 149 150 151 152 153
Camera 2\1. 28 Sept - 5 Oct 2016\103RECNX\IMG_6038 b.JPG,128,11,16,064 065 066 067 068 069 070 071 072 073 074 075 076 077 078 079 080 081 082 083 084 085 086 087 088 089 090 091 092 093 094 095
Camera 6\1. 28 Sept - 5 Oct 2016\100RECNX\IMG_1908 b.JPG,128,11,16,037 042 043 045 046 047 053 055 057 066 067 068 069
Camera 2\1. 28 Sept - 5 Oct 2016\103RECNX\IMG_5518 b.JPG,128,11,16,039 040 041 042 043 044 045 046 047 048 051 052 053 054 055 056 057 058 059 060 061 062 063 064 066 067 068 069 070 071 072 073 074 075 076 077 078 079
Camera 2\1. 28 Sept - 5 Oct 2016\103RECNX\IMG_4652 b.JPG,128,11,16,67
Camera 6\2. 5 Oct - 28 Oct 2016\100RECNX\IMG_3207 b.JPG,128,11,16,053 054 067
Camera 2\2. 5 Oct - 28 Oct 2016\100RECNX\IMG_4557 b.JPG,128,11,16,037 038 051 054 057 060 066 068 069 070 073 074 075 076 077 078 079 086 088 090 091 092 093 094 095 099 100 101 102 103 104 105 106 107 108 109 110 111 114 115 116 117 118 119 120 121 122 123 124 125 126 131 132 140 141 145
Camera 6\1. 28 Sept - 5 Oct 2016\100RECNX\IMG_0445 b.JPG,128,11,16,038 039 040 054 055 056
Camera 2\2. 5 Oct - 28 Oct 2016\100RECNX\IMG_3473 b.JPG,128,11,16,067 068 069 070
Camera 6\2. 5 Oct - 28 Oct 2016\100RECNX\IMG_2741 b.JPG,128,11,16,047 048 049 050 051 052 053 054 055 064 065 066 067 068 069 070 071 072 073 074 080 081 082 083 084 085 086 087 088 089 096 097 098
Camera 2\2. 5 Oct - 28 Oct 2016\100RECNX\IMG_0928 b.JPG,128,11,16,097 098 104 105 106 107 108 109 110 116 117 118 119 120 121 122 123 124 125 126 128 129 130 131 132 133 134 135 136 137 138 139 140 141 142 144 145 146 147 148 149 150 151 152 153 154 155 156 157 158 160 161 162 163 164 165 166
Camera 2\1. 28 Sept - 5 Oct 2016\103RECNX\IMG_2535 b.JPG,128,11,16,065 066 067 068 081 083 084
Camera 1\2. 5 Oct - 28 Oct 2016\100RECNX\IMG_4468 b.JPG,128,11,16,000 001 002 003 016 017 018 019 020 032 033 034 035 036 048 049 050 051 064 065 066 067
Camera 6\2. 5 Oct - 28 Oct 2016\100RECNX\IMG_2327 b.JPG,128,11,16,53
Camera 3\2. 5 Oct -28 Oct 2016\100RECNX\IMG_0974 b.JPG,128,11,16,057 058 059 060 061 062 067 068 069 070
Camera 2\2. 5 Oct - 28 Oct 2016\100RECNX\IMG_1985 b.JPG,128,11,16,111 117 124 125 126 127 129 130 142
Camera 2\2. 5 Oct - 28 Oct 2016\100RECNX\IMG_1380 b.JPG,128,11,16,053 055 056 057 067 068 069
Camera 1\2. 5 Oct - 28 Oct 2016\100RECNX\IMG_4478 b.JPG,128,11,16,108 110 111 126 127 169
Camera 3\2. 5 Oct -28 Oct 2016\100RECNX\IMG_1785 b.JPG,128,11,16,016 017 018 019
Camera 6\2. 5 Oct - 28 Oct 2016\100RECNX\IMG_4635 b.JPG,128,11,16,051 052 053 054 066 070
Camera 3\1. 28 Sept - 5 Oct 2016\100RECNX\IMG_1366 b.JPG,128,11,16,000 001 011 012 013 014 015 017 031
Camera 2\2. 5 Oct - 28 Oct 2016\100RECNX\IMG_0922 b.JPG,128,11,16,110 117 118 119 120 121 122 123 124 125 126 130 131 132 133 134 135 136 137 138 139 140 141 142 145 146 147 148 149 150 161 163
Camera 6\2. 5 Oct - 28 Oct 2016\100RECNX\IMG_4251 b.JPG,128,11,16,118 134
Camera 2\2. 5 Oct - 28 Oct 2016\100RECNX\IMG_4559 b.JPG,128,11,16,056 057 060 071 072 073 074 075 076 077 078 079 084 085 086 087 088 093 094 095 101 102 105 108 118 119 121 124 132
Camera 1\2. 5 Oct - 28 Oct 2016\100RECNX\IMG_5274 b.JPG,128,11,16,036 037 038 039 040 041 042 045 048 049 050 051 052 053 054 055 056 057 058 059 060 061 062 064 065 066 067 068 069 070 071 072 073 074 075 076 077 078 079 080 081 082 083 084 085 086 087 088 089 090 091 092 093 094 095 096 097 098 099 100 101 102 103 104 105 106 107 108 109 110 111 112 113 114 115 116 117 118 119 120 121 122 123 124 125 126 127 128 129 130 131 132 133 134 135 136 137 138 139 140 141 142 143 144 145 146 147 148 149 150 151 152 153 154 155 156 157 158 159 160 161 162 163 164 165 166 167 168 169 170 171 172 173 174 175
Camera 6\2. 5 Oct - 28 Oct 2016\100RECNX\IMG_4516 b.JPG,128,11,16,046 053
Camera 2\2. 5 Oct - 28 Oct 2016\100RECNX\IMG_2584 b.JPG,128,11,16,009 025 034 036 045 052 054 066 070 072 073 074 075 076 077 078 086 087 088 089 090 091 092 093 096 100 101 102 103 104 106 107 108 109 110 111 116 117 118 119 120 121 122 123 124 125 126 127 129 130 131 132 133 134 135 136 137 138 139 140 141 142 143 145 146 148 157 161 162 164 167 168 169 170 173
Camera 3\2. 5 Oct -28 Oct 2016\100RECNX\IMG_3182 b.JPG,128,11,16,000 001 002 003 005 006 007 013 014 016 017 018 019 020 021 022 024 025 026 027 028 029 030 034 035 036 037 038 039 040 041 042 043 054 055 056 057 058 059 060 061 070 071 072 073 074 078 088 091 092 093 094 104 106 107 108 109 119 120 121 122 124 134 136 137
Camera 2\1. 28 Sept - 5 Oct 2016\103RECNX\IMG_5412 b.JPG,128,11,16,
Camera 2\2. 5 Oct - 28 Oct 2016\100RECNX\IMG_3345 b.JPG,128,11,16,008 011 012 013 021 027 039 041 054 055 056 057 058 059 063 067 068 069 070 071 072 073 074 075 076 079 083 084 085 086 087 088 089 090 091 092 093 094
Camera 2\2. 5 Oct - 28 Oct 2016\100RECNX\IMG_2466 b.JPG,128,11,16,081 082 101 103 106 107 108 109 110 111 116 117 118 119 121 122 123 124 125 126 127 128 129 130 131 133 134 135 136 137 138 139 140 141 142 143 145 146 147 148 149 150 151 152 153 154 155 156 157 158 159 161 162 163 164 165 167 168 169 170 171 172 173
Camera 6\1. 28 Sept - 5 Oct 2016\100RECNX\IMG_1540 b.JPG,128,11,16,050 051 052 053 054 064 065 066 067 068 069 070 071
Camera 3\2. 5 Oct -28 Oct 2016\100RECNX\IMG_2481 b.JPG,128,11,16,050 051 052 053 054 055 056
Camera 2\2. 5 Oct - 28 Oct 2016\100RECNX\IMG_2478 b.JPG,128,11,16,091 092 104 105 107 108 109 110 111 113 116 117 118 119 120 121 122 123 124 125 126 127 128 129 130 131 132 133 134 135 136 137 138 139 140 141 142 144 145 146 147 148 149 150 151 152 153 154 156 161 162 163 164 166 167 168 169
Camera 3\2. 5 Oct -28 Oct 2016\100RECNX\IMG_0903 b.JPG,128,11,16,020 021 022 023 036 037 038 039
Camera 2\2. 5 Oct - 28 Oct 2016\100RECNX\IMG_3192 b.JPG,128,11,16,055 056 058 059 060 061 062 066 068 069 070 072 073 076 077 078 083
Camera 6\1. 28 Sept - 5 Oct 2016\100RECNX\IMG_0479 b.JPG,128,11,16,037 050 051 052
Camera 2\1. 28 Sept - 5 Oct 2016\103RECNX\IMG_4271 b.JPG,128,11,16,75
Camera 6\1. 28 Sept - 5 Oct 2016\100RECNX\IMG_2393 b.JPG,128,11,16,052 103 117 118 119 133 134 135 136 137
Camera 2\2. 5 Oct - 28 Oct 2016\100RECNX\IMG_2419 b.JPG,128,11,16,101 105 121 122 123 126
Camera 1\2. 5 Oct - 28 Oct 2016\100RECNX\IMG_4556 b.JPG,128,11,16,048 049 050 051 052 053 054 055 056 057 058 059 060 061 062 064 065 066 067 068 069 070 071 072 073 074 075 076 077 078 079 080 081 082 083
Camera 2\2. 5 Oct - 28 Oct 2016\100RECNX\IMG_1029 b.JPG,128,11,16,101 102 103 104 106 107 117 118 119 120 121 122
Camera 2\1. 28 Sept - 5 Oct 2016\103RECNX\IMG_6050 b.JPG,128,11,16,066 067 080 081 082 083 086 087 088 089 090 091 092 101 102 103
Camera 6\1. 28 Sept - 5 Oct 2016\100RECNX\IMG_2253 b.JPG,128,11,16,050 051 052 053 054 055 057 064 065 066 067 068 069 070 071
Camera 2\1. 28 Sept - 5 Oct 2016\103RECNX\IMG_5832 b.JPG,128,11,16,000 001 002 003 004 005 006 007 008 009 016 017 018 019 020 021 022 023 024 025 026 027 028 029 030 031 032 034 035 036 037 038 039 040 041 042 043 044 045 046 047 063
Camera 2\1. 28 Sept - 5 Oct 2016\103RECNX\IMG_5108 b.JPG,128,11,16,005 023 024 035 040 042 043 048 049 050 058 059 060 061 063 064 065 067 068 070 074 077 078 080 081 082 084 085 086 087 088 089 090 091 093 094 097 098 100 102 103 105 106 107 109 111 112 113 114 116 117 118 119 120 121 122 123 124 125 127 132 135 136 141 143 159
Camera 3\2. 5 Oct -28 Oct 2016\100RECNX\IMG_0960 b.JPG,128,11,16,050 051 052 053 054 055
Camera 6\2. 5 Oct - 28 Oct 2016\100RECNX\IMG_3276 b.JPG,128,11,16,065 066 067 068 069 070
Camera 2\2. 5 Oct - 28 Oct 2016\100RECNX\IMG_4585 b.JPG,128,11,16,060 075 076 077 088 089 090 091 092 093 094 095 099 100 101 102 103 104 105 106 107 108 109 110 111 112 113 114 115 116 117 118 119 120 121 122 123 124 125 126 127 128 129 130 131 132 133 134 135 136 137 138 139 140 141 142 143 144 145 146 147 148 149 150 151 152 153 155 156 157 158 159 160 161 164 165 167 168 169 172 173
Camera 6\1. 28 Sept - 5 Oct 2016\100RECNX\IMG_0508 b.JPG,128,11,16,022 037 038 054
Camera 2\2. 5 Oct - 28 Oct 2016\100RECNX\IMG_3567 b.JPG,128,11,16,005 006 007 008 009 010 011 012 022 023 024 025 026 027 038 039 040 041 042
Camera 6\2. 5 Oct - 28 Oct 2016\100RECNX\IMG_2780 b.JPG,128,11,16,053 054 071 072 073 074 075 076 088
Camera 2\2. 5 Oct - 28 Oct 2016\100RECNX\IMG_0940 b.JPG,128,11,16,129 130 133 134 138 139 144 145 146 148 149 150 151 152 155 156 158 160 161 162 164 167 171
Camera 2\1. 28 Sept - 5 Oct 2016\103RECNX\IMG_2542 b.JPG,128,11,16,55
Camera 1\2. 5 Oct - 28 Oct 2016\100RECNX\IMG_4470 b.JPG,128,11,16,032 033 034 035 036 037 048 049
Camera 6\2. 5 Oct - 28 Oct 2016\100RECNX\IMG_2669 b.JPG,128,11,16,045 065 067 068 069 070 074 075 076 080
Camera 3\2. 5 Oct -28 Oct 2016\100RECNX\IMG_1052 b.JPG,128,11,16,018 051 052 053
Camera 2\2. 5 Oct - 28 Oct 2016\100RECNX\IMG_2000 b.JPG,128,11,16,110 119 124 125 126 127 133 140 157
Camera 2\2. 5 Oct - 28 Oct 2016\100RECNX\IMG_1394 b.JPG,128,11,16,089 102 103 104 105
Camera 1\2. 5 Oct - 28 Oct 2016\100RECNX\IMG_4480 b.JPG,128,11,16,002 004 005 019 020 021 024 126 142 171
Camera 3\2. 5 Oct -28 Oct 2016\100RECNX\IMG_1889 b.JPG,128,11,16,036 049 050 051
Camera 6\2. 5 Oct - 28 Oct 2016\100RECNX\IMG_4678 b.JPG,128,11,16,023 025 037 038 039 048 049 050 051 052 053 064 065 066
Camera 3\1. 28 Sept - 5 Oct 2016\100RECNX\IMG_1698 b.JPG,128,11,16,006 010 013 026 027
Camera 2\2. 5 Oct - 28 Oct 2016\100RECNX\IMG_0935 b.JPG,128,11,16,123 129 130 132 133 134 135 137 138 139 140 145 146 147 148 149 150 152 155 156 157 162 163 166 167 168 169 170 171 175
Camera 6\2. 5 Oct - 28 Oct 2016\100RECNX\IMG_4423 b.JPG,128,11,16,015 043 051 052 053 054 055 056 066 067 068 069 070 071 072 074 076 078 079 081 082 083 084 085 086 087 088 089 090 091 092 093 094 095 096 097 098 100 101 102 103 104 105 106 107 112 113 116 117 118 119 120 121 122 123 124 125 126 127 128 130 131 132 133 134 135 136 142 144 145 146 147 148 149 150 152 153 154 155 160 164 165 166 167 168 169 170 172 175
Camera 2\2. 5 Oct - 28 Oct 2016\100RECNX\IMG_4587 b.JPG,128,11,16,060 075 076 077 088 090 092 093 094 095 099 100 101 102 103 104 105 106 107 108 109 110 111 112 113 114 115 116 117 118 119 120 121 122 123 124 125 126 128 129 130 131 132 133 135 136 137 138 139 140 141 143 144 145 147 148 149 150 151 152 153 154 155 156 157 158 159 160 161 162 163 164 165 166 167 169 173
Camera 1\2. 5 Oct - 28 Oct 2016\100RECNX\IMG_5278 b.JPG,128,11,16,033 034 035 036 037 040 048 049 050 051 052 053 054 055 056 057 058 062 064 065 066 067 068 069 070 071 072 073 074 075 076 077 078 080 081 082 083 084 085 086 087 088 089 090 091 092 093 094 095 096 097 098 099 100 101 102 103 104 105 106 107 108 109 110 111 112 113 114 115 116 117 118 119 120 121 122 123 124 125 126 127 128 129 130 131 132 133 134 135 136 137 138 139 140 141 142 143 144 145 146 147 148 149 150 151 152 153 154 156 157 159 160 161 162 163 164 165 166 167 168 169 170 171 173 175
Camera 6\2. 5 Oct - 28 Oct 2016\100RECNX\IMG_4599 b.JPG,128,11,16,004 005 006 007 017 018 019 021 022 023 024 025 026 051 052 053 064 065
Camera 2\2. 5 Oct - 28 Oct 2016\100RECNX\IMG_2603 b.JPG,128,11,16,076 085 086 088 089 090 091 100 101 102 103 104 105 106 107 108 109 110 111 118 119 120 123 124 126 127
Camera 3\2. 5 Oct -28 Oct 2016\100RECNX\IMG_3363 b.JPG,128,11,16,016 017 018 019 032 033
Camera 2\1. 28 Sept - 5 Oct 2016\103RECNX\IMG_5548 b.JPG,128,11,16,001 002 003 004 005 006 007 008 009 017 018 019 020 021 022 023 032 033 034 035 036 048 049 050 051 064 065 066 067 080 081 082
Camera 2\2. 5 Oct - 28 Oct 2016\100RECNX\IMG_3366 b.JPG,128,11,16,063 067 068 069 070 071 072 073 074 075 076 077 078 083 084 085 086 087 088 089 090 091 092 093 102
Camera 2\2. 5 Oct - 28 Oct 2016\100RECNX\IMG_2484 b.JPG,128,11,16,121 123 124 125 131 132 133 134 135 136 137 138 140 141 146 147 148 149 150 152 153 154 155 156 157 158 162 163 170 171
Camera 6\1. 28 Sept - 5 Oct 2016\100RECNX\IMG_1608 b.JPG,128,11,16,048 052 053 055 068 069 070 071
Camera 3\2. 5 Oct -28 Oct 2016\100RECNX\IMG_2511 b.JPG,128,11,16,055 056 057 058 059 060 061 062 071 072
Camera 2\2. 5 Oct - 28 Oct 2016\100RECNX\IMG_2496 b.JPG,128,11,16,000 001 002 012 013 014 015 016 018 019 021 022 023 025 026 028 029 030 032 033 035 036 038 039 040 041 042 043 044 046 048 049 050 051 052 053 054 055 056 057 059 061 062 064 065 066 067 068 069 070 071 072 073 074 075 076 077 078 079 080 081 082 083 084 085 086 087 088 089 090 091 092 093 094 095 096 097 098 099 100 101 102 103 104 105 106 107 108 109 110 111 112 113 114 115 116 117 118 119 120 121 122 123 124 125 126 127 128 129 130 131 132 133 134 135 136 137 138 139 140 141 142 143 144 145 146 147 148 149 150 151 152 153 154 155 156 157 158 159 160 161 162 163 164 165 166 167 168 169 170 171 172 173 174 175
Camera 3\2. 5 Oct -28 Oct 2016\100RECNX\IMG_0946 b.JPG,128,11,16,050 051 052 053 054 055 056 057 058 059 070 071 073
Camera 2\2. 5 Oct - 28 Oct 2016\100RECNX\IMG_3315 b.JPG,128,11,16,048 049 050 064 065 066 080 081 084
Camera 6\1. 28 Sept - 5 Oct 2016\100RECNX\IMG_0543 b.JPG,128,11,16,005 006 007 008 009 012 013 021 027 028 029 030
Camera 6\1. 28 Sept - 5 Oct 2016\100RECNX\IMG_2466 b.JPG,128,11,16,102 103 116 117 118 119 132 133 134 135 136
Camera 2\2. 5 Oct - 28 Oct 2016\100RECNX\IMG_2436 b.JPG,128,11,16,103 104 105 106 107 108 109 110 111 117 118 119 120 121 134 150
Camera 1\2. 5 Oct - 28 Oct 2016\100RECNX\IMG_4559 b.JPG,128,11,16,029 030 042 043 044 045 046 047 055 056 057 058 059 060 061 062 063 067 068 069 070 071 072 073 074 075 076 077 078 079 080 083 084 085 086 087 088 089 090 091 092 093 096 097
Camera 2\2. 5 Oct - 28 Oct 2016\100RECNX\IMG_1042 b.JPG,128,11,16,034 057 068 072 075 082 083 086 088 097 098 099 100 101 102 103 104 105 106 107 108 109 110 111 112 113 114 115 116 117 118 119 120
Camera 2\1. 28 Sept - 5 Oct 2016\103RECNX\IMG_2526 b.JPG,128,11,16,064 065 066 068 070 071 072 074 078 079 086
Camera 2\2. 5 Oct - 28 Oct 2016\100RECNX\IMG_4586 b.JPG,128,11,16,060 075 076 077 085 088 090 092 093 094 095 099 100 101 102 103 104 105 106 107 108 109 110 111 112 113 114 115 116 117 118 119 120 121 122 123 124 125 126 127 128 129 130 131 133 135 136 137 138 139 140 141 142 143 144 145 146 147 148 149 150 151 152 153 154 155 156 157 158 159 160 161 162 163 164 165 166 167 168 169 170 171 172 173
Camera 6\1. 28 Sept - 5 Oct 2016\100RECNX\IMG_0816 b.JPG,128,11,16,037 038
Camera 2\1. 28 Sept - 5 Oct 2016\103RECNX\IMG_3127 b.JPG,128,11,16,004 005 009 018 019 022 023 024 029 030 037 038 039 040 043 044 045 046 047 049 050
Camera 6\2. 5 Oct - 28 Oct 2016\100RECNX\IMG_4069 b.JPG,128,11,16,009 011 012 026 029 038 040 042 043 044 045 053 055 057
Camera 2\1. 28 Sept - 5 Oct 2016\103RECNX\IMG_3547 b.JPG,128,11,16,86
Camera 5\2. 5 Oct - 28 Oct 2016\100RECNX\IMG_1931 b.JPG,128,11,16,064 069 072 073 074 075 076 077 078 079 080 082 083 084 085 086 087 088 089 090 091 092 093 094 095 097 098 099 101 102 103 104 105 106 107 108 110 111 114 116 118 119 120 121 122 123 124 125 126 127 129 130 131 132 133 134 135 136 137 138 139 140 141 142 143 144 145 146 147 148 149 150 154 156 157 158 159 160 161 163 164 165 166 167 173
Camera 3\2. 5 Oct -28 Oct 2016\100RECNX\IMG_0580 b.JPG,128,11,16,050 051 052 053
Camera 5\2. 5 Oct - 28 Oct 2016\100RECNX\IMG_1955 b.JPG,128,11,16,090 100 101 106 117 129 142 145 158
Camera 2\2. 5 Oct - 28 Oct 2016\100RECNX\IMG_3426 b.JPG,128,11,16,069 078 079 082 083 084 085 086 087 088 089 090 091 092 093 094 095 100 101 102 103
Camera 3\2. 5 Oct -28 Oct 2016\100RECNX\IMG_3367 b.JPG,128,11,16,019 020 021
Camera 6\1. 28 Sept - 5 Oct 2016\100RECNX\IMG_2639 b.JPG,128,11,16,007 064 065 066 067
Camera 6\1. 28 Sept - 5 Oct 2016\100RECNX\IMG_0034 b.JPG,128,11,16,038 055
Camera 5\2. 5 Oct - 28 Oct 2016\100RECNX\IMG_2513 b.JPG,128,11,16,064 065 066 067 068 069 070 071 072 073 075 077 078 079 080 081 082 083 084 085 086 087 088 089 090 091 094 095 096 098 101 103 104 105 106 107 108 110 115 117 118 123 125 126 130 132 133 134 135 138 139 140 141 142 145 172
Camera 3\2. 5 Oct -28 Oct 2016\100RECNX\IMG_3280 b.JPG,128,11,16,010 011 012 013 014 015 026 031
Camera 3\2. 5 Oct -28 Oct 2016\100RECNX\IMG_0120 b.JPG,128,11,16,000 001 006 016 017 018 019 021 022 023 034
Camera 1\2. 5 Oct - 28 Oct 2016\100RECNX\IMG_5270 b.JPG,128,11,16,041 042 043 044 045 046 047 054 055 056 057 058 059 060 061 062 063 064 065 066 067 068 069 070 071 072 073 074 075 076 077 078 079 080 081 082 083 084 085 086 087 088 089 090 091 092 093 094 095 096 097 098 099 100 101 102 103 104 105 106 107 108 109 110 111 112 113 114 115 116 117 118 119 120 121 122 123 124 125 126 127 128 129 130 131 132 133 134 135 136 137 138 139 140 141 142 143 144 145 146 147 148 149 150 151 152 153 154 155 156 158 159 160 161 162 163 164 165 166 167 168 169 170 171 172 173 174 175
Camera 3\2. 5 Oct -28 Oct 2016\100RECNX\IMG_2631 b.JPG,128,11,16,048 049 050 051 052 053
Camera 1\2. 5 Oct - 28 Oct 2016\100RECNX\IMG_2585 b.JPG,128,11,16,072 081 082 084 088 089 090 092 093 094 098 100 105 106 107 108 109 122 123 129 130 131 134 138 139 145 147 151 152 167
Camera 2\1. 28 Sept - 5 Oct 2016\103RECNX\IMG_5999 b.JPG,128,11,16,081 082 083 084 102
Camera 2\2. 5 Oct - 28 Oct 2016\100RECNX\IMG_0765 b.JPG,128,11,16,076 103 104 118 119 120
Camera 1\2. 5 Oct - 28 Oct 2016\100RECNX\IMG_4563 b.JPG,128,11,16,017 018 019 020 021 022 023 034 035 036 037 038 039 041 044 045 046 047 060 061 062 063 108 124 140
Camera 6\2. 5 Oct - 28 Oct 2016\100RECNX\IMG_4996 b.JPG,128,11,16,065 066 067 068 070 071 072 073 074 081
Camera 2\2. 5 Oct - 28 Oct 2016\100RECNX\IMG_1059 b.JPG,128,11,16,086 104 107 108 109 110 111 120
Camera 6\1. 28 Sept - 5 Oct 2016\100RECNX\IMG_1023 b.JPG,128,11,16,005 017 022 033 035 036 037 038 051 052 054 055
Camera 1\2. 5 Oct - 28 Oct 2016\100RECNX\IMG_6001 b.JPG,128,11,16,048 050 064 065 066 067 068 069 070 080 081 082 083 084 129 130 131 132 135 143 146 147 161 162 166 173
Camera 3\2. 5 Oct -28 Oct 2016\100RECNX\IMG_2475 b.JPG,128,11,16,053 054 055 056 072
Camera 2\2. 5 Oct - 28 Oct 2016\100RECNX\IMG_5263 b.JPG,128,11,16,004 008 009 020 026 027 031 042 043 047 129 130 141 142 146 154 155 157 158 167 168 169 170
Camera 2\2. 5 Oct - 28 Oct 2016\100RECNX\IMG_2486 b.JPG,128,11,16,117 119 122 124 129 130 131 132 133 134 135 136 137 138 140 145 146 147 148 149 150 151 152 153 154 157 158 161 162 163 164 165 166 167 171 172
Camera 2\1. 28 Sept - 5 Oct 2016\103RECNX\IMG_5151 b.JPG,128,11,16,008 067 068 069 070 071 072 074 083 084 085
Camera 6\2. 5 Oct - 28 Oct 2016\100RECNX\IMG_4145 b.JPG,128,11,16,064 066 067 068
Camera 6\2. 5 Oct - 28 Oct 2016\100RECNX\IMG_3275 b.JPG,128,11,16,052 065 066 067 068 069 070
Camera 1\2. 5 Oct - 28 Oct 2016\100RECNX\IMG_5306 b.JPG,128,11,16,6
Camera 3\2. 5 Oct -28 Oct 2016\100RECNX\IMG_0568 b.JPG,128,11,16,048 049 050 051 052 053
Camera 2\2. 5 Oct - 28 Oct 2016\100RECNX\IMG_3328 b.JPG,128,11,16,086 090
Camera 6\2. 5 Oct - 28 Oct 2016\100RECNX\IMG_3296 b.JPG,128,11,16,048 065 066 067
Camera 3\2. 5 Oct -28 Oct 2016\100RECNX\IMG_1040 b.JPG,128,11,16,050 051
Camera 3\2. 5 Oct -28 Oct 2016\100RECNX\IMG_3426 b.JPG,128,11,16,004 005 006 007 008 018 019 020 021 022 023 024 027 028
Camera 5\2. 5 Oct - 28 Oct 2016\100RECNX\IMG_2578 b.JPG,128,11,16,068 073 074 075 076 077 078 079 080 081 082 083 084 085 086 087 089 090 091 092 093 094 095 096 097 098 099 100 101 102 103 104 105 106 107 108 109 110 111 116 117 118 119 122 123 130 131 132 133 135 136 137 139 140 141 142 144 145 147 148 149 150 151 152 154 155 157 158 159 164 165 166 167 168 169 173 174
Camera 5\1. 28 Sept - 5 Oct 2016\100RECNX\IMG_3204 b.JPG,128,11,16,000 001 002 003 004 005 006 007 016 017 018 019 020 021 022 032 033 034
Camera 2\1. 28 Sept - 5 Oct 2016\103RECNX\IMG_5277 b.JPG,128,11,16,077 078 079
Camera 6\2. 5 Oct - 28 Oct 2016\100RECNX\IMG_4630 b.JPG,128,11,16,051 053 054 055 065 066 068 069 070 071 072 073 074 075 076 078
Camera 5\2. 5 Oct - 28 Oct 2016\100RECNX\IMG_0893 b.JPG,128,11,16,036 037 046 067 068 069 070 071 072 073 074 075 077 078 079 080 081 082 083 084 085 086 087 088 090 091 095 096 097 098 099 101 104 105 106 110 112 113 116 117 123 124 125 128 129 130 132 135 140 141 145 147 148 149 150 151 152 154 158 159 163 164 165 167 168 169 171 172 173
Camera 2\2. 5 Oct - 28 Oct 2016\100RECNX\IMG_0489 b.JPG,128,11,16,090 091 095 102 103 104 105 106 107 108
Camera 2\2. 5 Oct - 28 Oct 2016\100RECNX\IMG_4390 b.JPG,128,11,16,122 124 135 136 140 148 164
Camera 2\2. 5 Oct - 28 Oct 2016\100RECNX\IMG_0462 b.JPG,128,11,16,068 080 081 082 083 089 090 091 092 093 094 095 103 104 105 106 107 108 109 110 111 114 115 117 118 119 120 121 122 123 124 125 126 127 128 129 130 131 132 133 134 135 136 137 138 140 141 142 143 144 145 147 148 149 150 151 152 169 170
Camera 3\1. 28 Sept - 5 Oct 2016\100RECNX\IMG_2615 b.JPG,128,11,16,038 051 054 055 058 068 069 070 071 075 084 085 088 089 090 091 092 093 103 104 107 109 114 118 122 133 144 145 146 152 153 166
Camera 2\2. 5 Oct - 28 Oct 2016\100RECNX\IMG_0470 b.JPG,128,11,16,054 074 075 076 089 090 091 092 093 094 095 105 106 107 108 109 110 111 120 122 123 124 125 126 127 132 133 134 135 136 137 138 139 140 141 142 143 147 150 151 152 155 157 158 162 163 165 166 167
Camera 6\1. 28 Sept - 5 Oct 2016\100RECNX\IMG_0837 b.JPG,128,11,16,032 033 034 048 049 050 051 052 064 065 066 067
Camera 2\1. 28 Sept - 5 Oct 2016\103RECNX\IMG_4991 b.JPG,128,11,16,65
Camera 2\2. 5 Oct - 28 Oct 2016\100RECNX\IMG_0079 b.JPG,128,11,16,067 068 069
Camera 2\2. 5 Oct - 28 Oct 2016\100RECNX\IMG_1012 b.JPG,128,11,16,117 118 119 120
Camera 3\2. 5 Oct -28 Oct 2016\100RECNX\IMG_2791 b.JPG,128,11,16,038 039 040 041 043 045 046 051 052 053 054 055 056 057 058 059 060 061 062 065 066 067 068 069 070 071 072 073 074 075 076 077 078 081 082 083 084 085 087 088 089 090 091 092 093 094 098 100 104 105 106 107 108 109 110 111 115 116 117 118 119 120 121 122 123 124 127 129 132 133 134 135 136 138 139 140 145 146 147 148 161 166
Camera 2\2. 5 Oct - 28 Oct 2016\100RECNX\IMG_4278 b.JPG,128,11,16,102 103 104 119
Camera 6\2. 5 Oct - 28 Oct 2016\100RECNX\IMG_5118 b.JPG,128,11,16,029 041 042 043 044 045 046 054
Camera 5\2. 5 Oct - 28 Oct 2016\100RECNX\IMG_1930 b.JPG,128,11,16,069 072 074 075 076 077 078 079 080 081 082 083 084 085 086 087 088 089 090 091 092 093 094 095 097 098 099 101 102 103 104 105 106 107 108 109 110 111 113 114 116 117 118 119 120 121 122 123 124 125 126 127 129 130 132 133 134 135 136 137 138 139 140 141 142 143 144 145 147 148 149 150 154 157 158 159 160 161 163 164 165 166 167
Camera 6\2. 5 Oct - 28 Oct 2016\100RECNX\IMG_4433 b.JPG,128,11,16,085 088 089 102 103 104 105 116 117 118 119 120 133 134 135 136
Camera 6\2. 5 Oct - 28 Oct 2016\100RECNX\IMG_2721 b.JPG,128,11,16,071 072 073 074 075 076 077 078
Camera 6\2. 5 Oct - 28 Oct 2016\100RECNX\IMG_2742 b.JPG,128,11,16,064 065 066 067 068 080 081 082 083 088 089 097 102 103 104 118
Camera 1\2. 5 Oct - 28 Oct 2016\100RECNX\IMG_5003 b.JPG,128,11,16,083 084 086 096 097 098 099 100 101 102 103 104 105 106 107 113 114 115 116 117 119 120 121 122 129 130 145 146 147 148 149 151 152 154 160 163 166 168 169
Camera 4\2. 5 Oct - 28 Oct 2016\100RECNX\IMG_0904 b.JPG,128,7,15,011 046 049 050 051 052 053 054 055 056 057 058 059 060 063 064 065 066 067 068 069 070 071 072 073 075 076 077 078 079 080 081 082 083 084 085 086 088 089 090 091 092 093 094 095 096 097 098 099 100 101 102 103 104
Camera 1\2. 5 Oct - 28 Oct 2016\100RECNX\IMG_1932 b.JPG,128,11,16,071 072 073 074 075 076 077 078 079 080 081 082 083 084 085 086 087 088 089 090 091 092 093 094 095 096 097 098 099 100 101 102 103 105 106 107 108 109 110 111 114 115 116 117 118 119 120 123 124 125 126 128 130 131 132 133 134 135 138 139 140 141 142 145 146 147 148 149 150 151 152 153 154 155 156 157 159 160 161 163 164 165 166 168 169 170 171 173
Camera 3\2. 5 Oct -28 Oct 2016\100RECNX\IMG_0553 b.JPG,128,11,16,026 039 040 041 042 048 049 050 051 052 053 054 055
Camera 2\2. 5 Oct - 28 Oct 2016\100RECNX\IMG_1606 b.JPG,128,11,16,069 070 071 075 082 083 084 085 086 087 088 089 090 091 100 101 102
Camera 3\1. 28 Sept - 5 Oct 2016\100RECNX\IMG_4063 b.JPG,128,11,16,23
Camera 2\2. 5 Oct - 28 Oct 2016\100RECNX\IMG_1031 b.JPG,128,11,16,072 075 101 102 103 104 105 107 117 118 119 120 121 122
Camera 6\1. 28 Sept - 5 Oct 2016\100RECNX\IMG_1603 b.JPG,128,11,16,46
Camera 6\2. 5 Oct - 28 Oct 2016\100RECNX\IMG_3271 b.JPG,128,11,16,055 067 069
Camera 2\2. 5 Oct - 28 Oct 2016\100RECNX\IMG_5256 b.JPG,128,11,16,031 047 094 110 126 140 142 155 156
Camera 6\2. 5 Oct - 28 Oct 2016\100RECNX\IMG_2552 b.JPG,128,11,16,040 041 044 053 054
Camera 1\2. 5 Oct - 28 Oct 2016\100RECNX\IMG_5255 b.JPG,128,11,16,046 063 076 078 079 092 093 094 095 105 106 107 108 109 110 111 119 121 123 124 125 126 127 129 135 138 139 140 141 142 143 144 145 147 148 149 150 151 152 153 154 155 156 157 158 159 162 163 165 166 168 169 170 172 173 174 175
Camera 6\1. 28 Sept - 5 Oct 2016\100RECNX\IMG_0878 b.JPG,128,11,16,037 038 054 055
Camera 2\1. 28 Sept - 5 Oct 2016\103RECNX\IMG_5932 b.JPG,128,11,16,090 096 097 098 099 100
Camera 2\2. 5 Oct - 28 Oct 2016\100RECNX\IMG_1786 b.JPG,128,11,16,074 095 107 108 109 111 117 118 119 120
Camera 5\2. 5 Oct - 28 Oct 2016\100RECNX\IMG_2530 b.JPG,128,11,16,102 118 119 122 123 124 132 134 137 139 140 148 153 158 159 163 164
Camera 2\2. 5 Oct - 28 Oct 2016\100RECNX\IMG_2586 b.JPG,128,11,16,103 104 106 108 109 110 111 115 116 117 118 119 120 121 122 123 124 125 126 127 128 129 130 131 132 133 134 135 136 137 138 139 140 141 142 143 144 145 146 147 148 149 150 151 152 153 154 155 156 157 158 159 161 162 163 164 165 166 167 168 169 170 171 172 173 174 175
Camera 6\1. 28 Sept - 5 Oct 2016\100RECNX\IMG_0723 b.JPG,128,11,16,017 032 033 034 037 045 046 048 054
Camera 3\2. 5 Oct -28 Oct 2016\100RECNX\IMG_1056 b.JPG,128,11,16,025 026 027 030 031 048 049 050 051 052
Camera 1\2. 5 Oct - 28 Oct 2016\100RECNX\IMG_2433 b.JPG,128,11,16,084 085 088 089 092 093 097 098 100 103 104 105 107 108 109 115 118 120 128 132 133 134 139 145 146 153 154 161 163 169
Camera 3\2. 5 Oct -28 Oct 2016\100RECNX\IMG_1080 b.JPG,128,11,16,020 032 049 050 051 052 053
Camera 5\2. 5 Oct - 28 Oct 2016\100RECNX\IMG_2538 b.JPG,128,11,16,000 001 002 003 016 017 018 019 032 033 034 035 048 049 050 066 067 068 069 071 073 075 076 077 078 079 080 081 082 083 084 085 086 087 088 089 090 091 092 093 094 095 096 097 098 099 100 101 102 103 104 105 106 107 108 109 110 111 112 113 114 115 116 117 118 119 120 121 122 123 124 125 126 128 130 132 134 135 136 137 138 139 140 141 142 144 145 147 148 149 150 153 154 158 159 160 163 164 165 167 168 169 173
Camera 3\2. 5 Oct -28 Oct 2016\100RECNX\IMG_0941 b.JPG,128,11,16,027 036 048 049 050 051 052 053 054 055 056 057 070 071 072
Camera 2\1. 28 Sept - 5 Oct 2016\103RECNX\IMG_3459 b.JPG,128,11,16,72
Camera 3\2. 5 Oct -28 Oct 2016\100RECNX\IMG_3174 b.JPG,128,11,16,054 055 069 071 080 081 082 083 091 101 103 104 105 106 107 117 118 119 121 129 130 132 133 134 144 146 147 148 151 152 161 162 163 172 174
Camera 2\2. 5 Oct - 28 Oct 2016\100RECNX\IMG_1023 b.JPG,128,11,16,103 118 119 120
Camera 2\2. 5 Oct - 28 Oct 2016\100RECNX\IMG_1578 b.JPG,128,11,16,086 088 090 103 104
Camera 1\2. 5 Oct - 28 Oct 2016\100RECNX\IMG_7107 b.JPG,128,11,16,055 056 057 058 059 060 061 062 070 073 074 082 083 099 101 102 103 107 108 115 119 120 129 131 136 137 149 150 153 154 166 168 169 170
Camera 6\2. 5 Oct - 28 Oct 2016\100RECNX\IMG_4144 b.JPG,128,11,16,067 068
Camera 2\1. 28 Sept - 5 Oct 2016\103RECNX\IMG_3527 b.JPG,128,11,16,025 026 029 039 040 041 042 043 044 045 046 053 054 055 056 057 058 059 060 061 062 066 067 068 069 070 071 072 073 074 075 076 077 078 079 083 084 085 086 087 088 089 090 091 092 093 094
Camera 6\1. 28 Sept - 5 Oct 2016\100RECNX\IMG_0052 b.JPG,128,11,16,037 038 054 055
Camera 6\2. 5 Oct - 28 Oct 2016\100RECNX\IMG_4604 b.JPG,128,11,16,027 028 029 042 043 050 051 052 053 054
Camera 2\2. 5 Oct - 28 Oct 2016\100RECNX\IMG_0852 b.JPG,128,11,16,086 087 088 100 101 102 103 104 118 119 120
Camera 3\1. 28 Sept - 5 Oct 2016\100RECNX\IMG_3269 b.JPG,128,11,16,007 008 009 010 019 020 021 022 023 024 025
Camera 4\2. 5 Oct - 28 Oct 2016\100RECNX\IMG_1341 b.JPG,128,7,15,045 046 047 048 049 050 052 053 054 055 060 061 062 063 064 065 066 067 068 069 070 071 072 073 076 077 079 080 081 082 083 084 085 086 087 088 089 090 092 093 094 095 096 097 098 099 100 101 102 103 104
Camera 6\2. 5 Oct - 28 Oct 2016\100RECNX\IMG_2304 b.JPG,128,11,16,145 146 163 164 169 170 172
Camera 2\2. 5 Oct - 28 Oct 2016\100RECNX\IMG_0596 b.JPG,128,11,16,082 083 086 087 088 089 090 100 101 102 103
Camera 3\2. 5 Oct -28 Oct 2016\100RECNX\IMG_0529 b.JPG,128,11,16,010 011 019 021 022 048 049
Camera 3\2. 5 Oct -28 Oct 2016\100RECNX\IMG_0593 b.JPG,128,11,16,026 050 051 052
Camera 5\2. 5 Oct - 28 Oct 2016\100RECNX\IMG_0496 b.JPG,128,11,16,021 022 036 040 087 088 089 104 105 113 114 130 139 140
Camera 6\2. 5 Oct - 28 Oct 2016\100RECNX\IMG_2329 b.JPG,128,11,16,003 069
Camera 6\2. 5 Oct - 28 Oct 2016\100RECNX\IMG_2781 b.JPG,128,11,16,071 073 074 075 076 089 090
Camera 2\2. 5 Oct - 28 Oct 2016\100RECNX\IMG_4343 b.JPG,128,11,16,099 110 112 113 115 116 119 120 121 122 123 124 125 126 127 129 130 131 132 133 134 135 137 138 139 140 142 143 144 145 148 149 151 153 154 158 162 163 164 165 169
Camera 5\2. 5 Oct - 28 Oct 2016\100RECNX\IMG_0882 b.JPG,128,11,16,082 083 096 100 120 139 140 154
Camera 1\2. 5 Oct - 28 Oct 2016\100RECNX\IMG_4253 b.JPG,128,11,16,103 107 123 145 161
Camera 1\2. 5 Oct - 28 Oct 2016\100RECNX\IMG_6326 b.JPG,128,11,16,024 025 026 027 028 036 037 038 039 040 041 042 043 044 045 046 047 055 056 057 058 059 060 061 062 063
Camera 4\2. 5 Oct - 28 Oct 2016\100RECNX\IMG_0937 b.JPG,128,7,15,013 014 026 027 028 029 041 042 043 044 056 057 058 059
Camera 5\1. 28 Sept - 5 Oct 2016\100RECNX\IMG_2325 b.JPG,128,11,16,072 073 074 075 076
Camera 2\2. 5 Oct - 28 Oct 2016\100RECNX\IMG_1411 b.JPG,128,11,16,103 104 105 120
Camera 1\2. 5 Oct - 28 Oct 2016\100RECNX\IMG_8980 b.JPG,128,11,16,019 021 033 035 036 037 038 039 040 041 042 043 044 065 066 067 068 071 072 080 081 085 096 100 102 116 117 119 120 129 161 162 164
Camera 3\2. 5 Oct -28 Oct 2016\100RECNX\IMG_1513 b.JPG,128,11,16,007 008 023 024 025
Camera 1\2. 5 Oct - 28 Oct 2016\100RECNX\IMG_4569 b.JPG,128,11,16,023 024 025 027 028 029 031 034 036 037 038 039 040 041 042 043 044 045 046 047 057 058 059
Camera 4\2. 5 Oct - 28 Oct 2016\100RECNX\IMG_0897 b.JPG,128,7,15,013 014 015 016 024 025 026 027 028 029 030 031 032 033 034 035 036 037 038 039 040 041 042 043 044 045 046 047 048 049 050 051 052 053 054 055 056 057 058 059 060 061 062 063 064 065 066 067 068 069 070 071 072 073 074 075 076 077 078 079 080 081 082 083 084 085 086 090 091 092 093 094 095 096 097 098 102 103 104
Camera 1\2. 5 Oct - 28 Oct 2016\100RECNX\IMG_6337 b.JPG,128,11,16,012 013 014 015 024 025 026 027 028 029 030 031 032 033 034 035 040 041 042 043 044 045 046 047 048 049 050 051 052 057 058 059 060 061 062 064 065
Camera 2\1. 28 Sept - 5 Oct 2016\103RECNX\IMG_6059 b.JPG,128,11,16,080 081 082 083
Camera 3\2. 5 Oct -28 Oct 2016\100RECNX\IMG_0972 b.JPG,128,11,16,055 056 057 058 059 060 061 070 071 072 073
Camera 3\2. 5 Oct -28 Oct 2016\100RECNX\IMG_2500 b.JPG,128,11,16,052 053 054 055 070 071
Camera 3\1. 28 Sept - 5 Oct 2016\100RECNX\IMG_5908 b.JPG,128,11,16,002 003 033 037 038 048 049 051 052 053 054 064 065 066 067 068
Camera 2\2. 5 Oct - 28 Oct 2016\100RECNX\IMG_0891 b.JPG,128,11,16,101 102 103 104 105 117 118 119 120 121 122 134
Camera 3\2. 5 Oct -28 Oct 2016\100RECNX\IMG_2323 b.JPG,128,11,16,045 054 058 059 060 061 062 074 075 076 081 087 088 089 090 091 092 101 102 104 106 107 111 117 119 123 124 132 133 141 142 144 145 146 147 159 169
Camera 2\2. 5 Oct - 28 Oct 2016\100RECNX\IMG_3650 b.JPG,128,11,16,63
Camera 6\2. 5 Oct - 28 Oct 2016\100RECNX\IMG_2806 b.JPG,128,11,16,66
Camera 2\1. 28 Sept - 5 Oct 2016\103RECNX\IMG_6172 b.JPG,128,11,16,087 088 089 090 091 092 093 101 102 103
Camera 2\2. 5 Oct - 28 Oct 2016\100RECNX\IMG_4544 b.JPG,128,11,16,016 017 019 032 033 034 035 036 037 048 049 050 051 052 064 065 066 067
Camera 2\2. 5 Oct - 28 Oct 2016\100RECNX\IMG_1541 b.JPG,128,11,16,073 074 086 087 088 089 090 102 103 104 105 106 108 109 110 111 118 119 120
Camera 5\2. 5 Oct - 28 Oct 2016\100RECNX\IMG_0945 b.JPG,128,11,16,029 031 041 042 043 044 045 046 047 057 058 059 060 061 062 063 073 074 075 076 077 078 079 094
Camera 2\2. 5 Oct - 28 Oct 2016\100RECNX\IMG_4288 b.JPG,128,11,16,065 083 096 102 103 104 118 119 120
Camera 2\1. 28 Sept - 5 Oct 2016\103RECNX\IMG_1519 b.JPG,128,11,16,025 032 033 034 035 036 037 038 039 040 048 049 050 051 052 053 054
Camera 3\2. 5 Oct -28 Oct 2016\100RECNX\IMG_2368 b.JPG,128,11,16,000 001 002 003 004 005 006 007 008 009 021 022 023 024 025 026 027 028 029
Camera 3\2. 5 Oct -28 Oct 2016\100RECNX\IMG_1388 b.JPG,128,11,16,051 052 053 054 055
Camera 1\2. 5 Oct - 28 Oct 2016\100RECNX\IMG_0927 b.JPG,128,11,16,026 039 047 048 049 050 051 052 064 065 066 067 068 069 070 071 072 073 074 075 076 077 078 079 080 081 082 083 084 085 086 087 088 089 090 091 092 093 094 095 096 097 098 099 100 101 102 103 104 105 107 109 110 111 112 114 116 117 118 120 121 122 123 124 125 126 127 128 129 130 131 132 133 134 135 136 137 138 144 145 146 147 148 150 151 152 153 154 156 157 160 161 163 164 165 166 167 168 169 172 173 174 175
Camera 2\2. 5 Oct - 28 Oct 2016\100RECNX\IMG_1369 b.JPG,128,11,16,91
Camera 6\2. 5 Oct - 28 Oct 2016\100RECNX\IMG_4626 b.JPG,128,11,16,023 054 055 073 074 075 076 077 078 079
Camera 2\2. 5 Oct - 28 Oct 2016\100RECNX\IMG_3321 b.JPG,128,11,16,039 078 079
Camera 5\2. 5 Oct - 28 Oct 2016\100RECNX\IMG_1350 b.JPG,128,11,16,067 068 069 072 073 074 075 076 079 080 081 082 083 084 085 086 087 089 090 091 093 094 095 096 099 100 104 106 108 109 111 119 122 124 125 126 134 136 140 141 142 146 147 149 150 151 152 153 155 157 159 160 162 163 167 168 169 171 172 173
Camera 2\2. 5 Oct - 28 Oct 2016\100RECNX\IMG_3594 b.JPG,128,11,16,005 034 037 049 051
Camera 5\2. 5 Oct - 28 Oct 2016\100RECNX\IMG_0423 b.JPG,128,11,16,103 115 136 137 145 146 150
Camera 3\2. 5 Oct -28 Oct 2016\100RECNX\IMG_2483 b.JPG,128,11,16,051 052 053 054 055 056
Camera 2\1. 28 Sept - 5 Oct 2016\103RECNX\IMG_4273 b.JPG,128,11,16,42
Camera 2\2. 5 Oct - 28 Oct 2016\100RECNX\IMG_1728 b.JPG,128,11,16,087 088 089 090 101 102 103 104 105 106 107 108 110 117 118 119 120
Camera 2\2. 5 Oct - 28 Oct 2016\100RECNX\IMG_1629 b.JPG,128,11,16,090 091 101 102 103 104 105 107 118 119 120
Camera 6\2. 5 Oct - 28 Oct 2016\100RECNX\IMG_4664 b.JPG,128,11,16,052 053 054
Camera 2\2. 5 Oct - 28 Oct 2016\100RECNX\IMG_1406 b.JPG,128,11,16,090 102 103 104 105 106 118 119 120
Camera 1\2. 5 Oct - 28 Oct 2016\100RECNX\IMG_2272 b.JPG,128,11,16,110 126 130 131 146 147 152 164 165 166 167
Camera 5\2. 5 Oct - 28 Oct 2016\100RECNX\IMG_2573 b.JPG,128,11,16,072 073 074 075 076 077 078 079 080 082 083 084 085 086 087 088 089 090 091 092 093 094 095 096 097 098 099 100 101 102 103 104 105 106 107 108 110 111 113 114 115 116 117 118 119 120 121 122 123 124 125 126 128 129 130 132 134 135 136 137 138 139 140 141 143 144 145 147 148 152 154 155 156 157 158 160 161 163 164 166 167 168 169 171 172 173
Camera 2\2. 5 Oct - 28 Oct 2016\100RECNX\IMG_4463 b.JPG,128,11,16,055 061 062
Camera 1\2. 5 Oct - 28 Oct 2016\100RECNX\IMG_0462 b.JPG,128,11,16,086 147 148
Camera 5\1. 28 Sept - 5 Oct 2016\100RECNX\IMG_5298 b.JPG,128,11,16,
Camera 3\2. 5 Oct -28 Oct 2016\100RECNX\IMG_2496 b.JPG,128,11,16,38
Camera 2\2. 5 Oct - 28 Oct 2016\100RECNX\IMG_0681 b.JPG,128,11,16,90
Camera 6\1. 28 Sept - 5 Oct 2016\100RECNX\IMG_0968 b.JPG,128,11,16,037 038 054
Camera 1\2. 5 Oct - 28 Oct 2016\100RECNX\IMG_7654 b.JPG,128,11,16,0
Camera 6\2. 5 Oct - 28 Oct 2016\100RECNX\IMG_3150 b.JPG,128,11,16,031 043 046 047 059 060 061 062 063 073 074 075 076 077 078 079 090 091 092 093 094 095 105 106 107 108 109 110 111 119 120 123 124 125 136 137 139 141 149 150 154 158 169 170 172 173
Camera 2\2. 5 Oct - 28 Oct 2016\100RECNX\IMG_1493 b.JPG,128,11,16,090 091
Camera 6\1. 28 Sept - 5 Oct 2016\100RECNX\IMG_2343 b.JPG,128,11,16,033 035 036 048 049 050 051 052 053 054 055 056 067 068 071
Camera 6\2. 5 Oct - 28 Oct 2016\100RECNX\IMG_5509 b.JPG,128,11,16,032 033 034 035 038 039 048 049 050 051 052 053 054 055 056 057 058 059 064 065 066 067 068
Camera 6\2. 5 Oct - 28 Oct 2016\100RECNX\IMG_5510 b.JPG,128,11,16,064 065 066 067
Camera 2\2. 5 Oct - 28 Oct 2016\100RECNX\IMG_3385 b.JPG,128,11,16,081 082 083
Camera 5\2. 5 Oct - 28 Oct 2016\100RECNX\IMG_1027 b.JPG,128,11,16,000 001 002 005 007 011 014 015 016 017 018 019 020 021 024 025 027 032 033 034 035 036 037 039 040 041 042 045 065 080 081 082 083 084 085 086 087 091 100 101 116 118 119 134
Camera 6\2. 5 Oct - 28 Oct 2016\100RECNX\IMG_5001 b.JPG,128,11,16,
Camera 4\2. 5 Oct - 28 Oct 2016\100RECNX\IMG_0430 b.JPG,128,7,15,002 007 016 021 022
Camera 1\2. 5 Oct - 28 Oct 2016\100RECNX\IMG_4335 b.JPG,128,11,16,032 048 049 050 051 064 065 066 067 096 097
Camera 2\2. 5 Oct - 28 Oct 2016\100RECNX\IMG_2477 b.JPG,128,11,16,109 110 111 120 122 123 124 125 126 127 129 132 134 135 137 139 140 147 148 149 152 153 154 155 156 157 158 159 161 162 163 173 174
Camera 2\2. 5 Oct - 28 Oct 2016\100RECNX\IMG_0068 b.JPG,128,11,16,085 086 087 088 089 090 091 092 093 094
Camera 6\2. 5 Oct - 28 Oct 2016\100RECNX\IMG_4436 b.JPG,128,11,16,088 102 103 104 116 117 118 119 120 132 133 134 135 136
Camera 3\1. 28 Sept - 5 Oct 2016\100RECNX\IMG_5407 b.JPG,128,11,16,037 038 044 046 049 052 059 095
Camera 2\1. 28 Sept - 5 Oct 2016\103RECNX\IMG_5823 b.JPG,128,11,16,69
Camera 2\2. 5 Oct - 28 Oct 2016\100RECNX\IMG_4496 b.JPG,128,11,16,004 009 016 020 048 050 060 075 076 077 090 091 092 093 100 101 102 103 105 106 107 108 109 110 113 115 116 117 118 119 120 121 122 124 125 128 129 130 131 134 135 137 138 146 147 163
Camera 2\1. 28 Sept - 5 Oct 2016\103RECNX\IMG_2728 b.JPG,128,11,16,004 008 009 010 016 017 018 021 022 023 024 025 027 032 035 036 049 065 066 067 068 070 071 072 073 075 076 077 083 084 085 086
Camera 2\2. 5 Oct - 28 Oct 2016\100RECNX\IMG_1073 b.JPG,128,11,16,070 071 072 086 087 088
Camera 2\1. 28 Sept - 5 Oct 2016\103RECNX\IMG_5973 b.JPG,128,11,16,075 076 079 085 086 087 088 089 090 091 092 093 094 095 101 102 103 104 118
Camera 6\2. 5 Oct - 28 Oct 2016\100RECNX\IMG_3739 b.JPG,128,11,16,054 055 071
Camera 3\2. 5 Oct -28 Oct 2016\100RECNX\IMG_1452 b.JPG,128,11,16,050 051 052 053 054
Camera 6\1. 28 Sept - 5 Oct 2016\100RECNX\IMG_0033 b.JPG,128,11,16,064 065 066
Camera 1\2. 5 Oct - 28 Oct 2016\100RECNX\IMG_6105 b.JPG,128,11,16,096 097 098 112 128 129 144 145
Camera 6\2. 5 Oct - 28 Oct 2016\100RECNX\IMG_1517 b.JPG,128,11,16,
Camera 2\2. 5 Oct - 28 Oct 2016\100RECNX\IMG_1396 b.JPG,128,11,16,58
Camera 6\1. 28 Sept - 5 Oct 2016\100RECNX\IMG_1452 b.JPG,128,11,16,048 049 051 052 064 065 066 067 081 082
Camera 2\2. 5 Oct - 28 Oct 2016\100RECNX\IMG_1560 b.JPG,128,11,16,059 060 062 067 076 077 078 080 081 082 084 090 095
Camera 6\2. 5 Oct - 28 Oct 2016\100RECNX\IMG_0505 b.JPG,128,11,16,022 026 030 038 039 040 041 056 057
Camera 1\2. 5 Oct - 28 Oct 2016\100RECNX\IMG_4966 b.JPG,128,11,16,000 001 002 003 004 005 006 016 017 018 019 020 021 022 023 024 025 032 033 034 035 036 039 040 041 048 049
Camera 1\2. 5 Oct - 28 Oct 2016\100RECNX\IMG_5217 b.JPG,128,11,16,047 059 060 061 062 063 072 073 074 075 077 078 079 089 090 091 092 093 094 095 104 107 108 109 111 127 142 143
Camera 6\1. 28 Sept - 5 Oct 2016\100RECNX\IMG_1610 b.JPG,128,11,16,053 067 069 071 073
Camera 2\2. 5 Oct - 28 Oct 2016\100RECNX\IMG_0531 b.JPG,128,11,16,030 060 061 070 072 081 083 086 089 091 092 103 104 105 106 107 108 109 110 111 115 116 117 118 119 120 121 122 123 125 127 130 131 132
Camera 2\2. 5 Oct - 28 Oct 2016\100RECNX\IMG_4461 b.JPG,128,11,16,048 050 051
Camera 2\1. 28 Sept - 5 Oct 2016\103RECNX\IMG_3462 b.JPG,128,11,16,062 068 075 076 077 078 079
Camera 3\2. 5 Oct -28 Oct 2016\100RECNX\IMG_1906 b.JPG,128,11,16,048 049 050 051 052 053 054
Camera 3\2. 5 Oct -28 Oct 2016\100RECNX\IMG_2336 b.JPG,128,11,16,075 114
Camera 3\2. 5 Oct -28 Oct 2016\100RECNX\IMG_0590 b.JPG,128,11,16,050 051 052
Camera 4\1. 28 Sept - 5 Oct 2016\100RECNX\IMG_3396 b.JPG,128,7,15,049 051 062 063 064 065 066 067 068 070 071 072 075 077 078 079 081 082 084 090 092 094 095 097 100 101 102
Camera 6\2. 5 Oct - 28 Oct 2016\100RECNX\IMG_5124 b.JPG,128,11,16,004 021 035 036 037 038 039 040 041 042 043 055
Camera 2\2. 5 Oct - 28 Oct 2016\100RECNX\IMG_4393 b.JPG,128,11,16,054 059 114 117 120 128 129 130 131 132 133 134 147 148 161 162
Camera 2\1. 28 Sept - 5 Oct 2016\103RECNX\IMG_5879 b.JPG,128,11,16,083 085 086 087 088
Camera 5\2. 5 Oct - 28 Oct 2016\100RECNX\IMG_0442 b.JPG,128,11,16,011 013 040 042 043 044 045 047 075 076 077 078 079 087 088 089 090 091 092 094 095 105 107 111 135 136 145 151 158 159 174
Camera 2\1. 28 Sept - 5 Oct 2016\103RECNX\IMG_3607 b.JPG,128,11,16,009 023 024 025 026 027 028 034 035 036 037 038 039 040 041 042 043 044 045 048 050 051 052 053 054 055 056 057 058 059 060 064 065 066 067 068 069 070 071 072 073 074 075
Camera 6\2. 5 Oct - 28 Oct 2016\100RECNX\IMG_4125 b.JPG,128,11,16,042 047 050 053 054 055 056 067 071 075
Camera 6\1. 28 Sept - 5 Oct 2016\100RECNX\IMG_1852 b.JPG,128,11,16,055 069
Camera 6\1. 28 Sept - 5 Oct 2016\100RECNX\IMG_2276 b.JPG,128,11,16,054 055
Camera 6\2. 5 Oct - 28 Oct 2016\100RECNX\IMG_3285 b.JPG,128,11,16,050 051 057 064 065 070 071
Camera 6\2. 5 Oct - 28 Oct 2016\100RECNX\IMG_4105 b.JPG,128,11,16,038 054 055 056 057 064 065 066 067 068 069 070
Camera 5\1. 28 Sept - 5 Oct 2016\100RECNX\IMG_5352 b.JPG,128,11,16,061 069 070 071 072 073 074 075 076 077
Camera 6\2. 5 Oct - 28 Oct 2016\100RECNX\IMG_4241 b.JPG,128,11,16,130 144 145 146 147 148 163
Camera 3\2. 5 Oct -28 Oct 2016\100RECNX\IMG_1615 b.JPG,128,11,16,048 049 050
Camera 5\1. 28 Sept - 5 Oct 2016\100RECNX\IMG_5045 b.JPG,128,11,16,121 171
Camera 1\2. 5 Oct - 28 Oct 2016\100RECNX\IMG_5006 b.JPG,128,11,16,000 004 006 007 008 009 010 011 012 013 014 015 016 017 019 022 023 024 025 026 027 028 029 030 031 034 035 036 037 038 039 040 041 042 043 044 045 046 047 048 049 050 051 052 053 054 055 056 057 058 060 065 066 067 068 069 070 074 080 081 082 083 084 096 097 098 099
Camera 1\2. 5 Oct - 28 Oct 2016\100RECNX\IMG_1966 b.JPG,128,11,16,083 099 102 118 139
Camera 2\1. 28 Sept - 5 Oct 2016\103RECNX\IMG_0842 b.JPG,128,11,16,049 050 052 064 065 066 067 068 069 076
Camera 2\1. 28 Sept - 5 Oct 2016\103RECNX\IMG_5118 b.JPG,128,11,16,18
Camera 2\2. 5 Oct - 28 Oct 2016\100RECNX\IMG_0514 b.JPG,128,11,16,007 008 012 013 014 019 020 021 028 029 030 036 039 040 054 055 059 063 064 065 066 069 076 079 081 082 085 089 090 091 093 094 096 098 099 101 102 103 104 105 106 107 108 109 110 112 113 114 115 116 117 118 119 120 121 129 130 131 132
Camera 4\2. 5 Oct - 28 Oct 2016\100RECNX\IMG_0420 b.JPG,128,7,15,66
Camera 2\1. 28 Sept - 5 Oct 2016\103RECNX\IMG_5996 b.JPG,128,11,16,064 065 066 067 080 081 082 083 084
Camera 1\2. 5 Oct - 28 Oct 2016\100RECNX\IMG_5267 b.JPG,128,11,16,018 019 020 021 022 034 035 036 037 038 039 040 041 049 050 051 052 053 054 055 056 057 058 059 060 061 067 068 069 070 071 072 073 074 075 076 077 078 079 083 084 085 086 087 088 089 090 091 092 093 094 095 096 097 098 099 101 102 103 104 105 106 107 108 109 110 111 112 113 114 115 116 117 118 119 120 121 122 123 124 125 126 127 128 129 130 131 132 133 134 135 136 137 139 140 141 142 143 145 146 147 149 150 151 152 153 154 156 157 158 159 160 161 163 164 165 166 167 168 169 170 173 174 175
Camera 6\2. 5 Oct - 28 Oct 2016\100RECNX\IMG_3267 b.JPG,128,11,16,046 067 068
Camera 2\2. 5 Oct - 28 Oct 2016\100RECNX\IMG_1723 b.JPG,128,11,16,043 044 045 046 049 050 051 052 053 054 055 056 057 058 059 060 061 062 063 065 066 067 068 069 070 071 072 073 074 075 076 077 078 079 083 084 085 086 087 088 089 090 091 092 093 094 095 100 101 102 103
Camera 2\1. 28 Sept - 5 Oct 2016\103RECNX\IMG_5223 b.JPG,128,11,16,038 039 040 042 049 050 051 052 053 054 058 059 060 061 062 063 065 068 077
Camera 6\2. 5 Oct - 28 Oct 2016\100RECNX\IMG_4456 b.JPG,128,11,16,065 070 071 072 081 082 083 084 085 086 087 088 098 102 103 104 105
Camera 6\1. 28 Sept - 5 Oct 2016\100RECNX\IMG_2467 b.JPG,128,11,16,080 081 082 083 084 102 103 117 118
Camera 5\2. 5 Oct - 28 Oct 2016\100RECNX\IMG_0904 b.JPG,128,11,16,082 083 091 093 106 107 109 121 123 125 126 127 135 137 140 141 142 143 147 149 150 151 152 153 155 156 157 158 159 160 167 168 169 171 172 173 175
Camera 1\2. 5 Oct - 28 Oct 2016\100RECNX\IMG_4333 b.JPG,128,11,16,032 033 034 035 048 049 050 051
Camera 3\1. 28 Sept - 5 Oct 2016\100RECNX\IMG_3333 b.JPG,128,11,16,061 144
Camera 4\1. 28 Sept - 5 Oct 2016\100RECNX\IMG_3381 b.JPG,128,7,15,066 070 085 092 093 094
Camera 6\2. 5 Oct - 28 Oct 2016\100RECNX\IMG_2883 b.JPG,128,11,16,043 071 072 073 074 075 085 086 087 088
Camera 3\2. 5 Oct -28 Oct 2016\100RECNX\IMG_0482 b.JPG,128,11,16,052 053 054 055 056
Camera 2\1. 28 Sept - 5 Oct 2016\103RECNX\IMG_2708 b.JPG,128,11,16,072 089 105 107 110 126
Camera 1\2. 5 Oct - 28 Oct 2016\100RECNX\IMG_7663 b.JPG,128,11,16,004 005 006 029 078 079 086 088 092 093 094 095 099 100 101 102 103 105 106 107 108 109 110 111 119 120 122 123 124 126 127 132 133 134 135 142 144 146 147 148 150 151 152 153 154 155 160 162 163 164 165 167 168 169 171 172 173 174 175
Camera 2\2. 5 Oct - 28 Oct 2016\100RECNX\IMG_2508 b.JPG,128,11,16,084 085 086 087 088 089 090 099 100 101
Camera 2\2. 5 Oct - 28 Oct 2016\100RECNX\IMG_2441 b.JPG,128,11,16,103 104 109 110 111 117 118 119 120 122 124 125 126 129 130 131 138 139 140 142 143 148 152 156 164 165 168 170
Camera 5\2. 5 Oct - 28 Oct 2016\100RECNX\IMG_1782 b.JPG,128,11,16,067 068 070 071 078 080 081 082 084 085 086 087 088 090 091 096 099 100 101 103 105 106 108 112 116 119 122 123 128 130 131 132 133 134 135 136 139 143 144 145 148 150 151 152 153 154 155 156 157 163 168 169 170 171
Camera 6\2. 5 Oct - 28 Oct 2016\100RECNX\IMG_4109 b.JPG,128,11,16,51
Camera 5\2. 5 Oct - 28 Oct 2016\100RECNX\IMG_1405 b.JPG,128,11,16,049 051 064 065 066 067 068 069 070 071 072 073 080 081 082 083 084 085 086 087 088 089 096 112 130 131 144 146 161 162 163 168
Camera 2\2. 5 Oct - 28 Oct 2016\100RECNX\IMG_3332 b.JPG,128,11,16,079 092 093 094 095
Camera 5\2. 5 Oct - 28 Oct 2016\100RECNX\IMG_2409 b.JPG,128,11,16,077 078 079 086 087 088 090 091 092 093 094 095 104 106 107 109 110 123 124 132 133 135 136 140 142 143 156 158 159
Camera 6\2. 5 Oct - 28 Oct 2016\100RECNX\IMG_4095 b.JPG,128,11,16,055 056
Camera 1\2. 5 Oct - 28 Oct 2016\100RECNX\IMG_2436 b.JPG,128,11,16,072 082 083 084 088 089 091 092 093 094 095 096 111 118 123 132 136 139 147 148 149 151 152 153 168
Camera 6\1. 28 Sept - 5 Oct 2016\100RECNX\IMG_1768 b.JPG,128,11,16,072 073 074 075 089 090 091 092
Camera 5\1. 28 Sept - 5 Oct 2016\100RECNX\IMG_1389 b.JPG,128,11,16,092 096 097 098 099 100 101 102 104 105 107 110 113 115 116 117 120 123 125 126 130 131 132 138 142 143 155 156 164 171
Camera 5\2. 5 Oct - 28 Oct 2016\100RECNX\IMG_2579 b.JPG,128,11,16,067 073 074 075 076 077 078 079 080 082 083 084 085 086 087 088 089 090 091 092 093 094 095 096 097 099 100 101 102 103 104 105 106 107 108 109 110 111 113 116 117 118 123 124 126 128 129 130 132 133 135 137 138 139 140 142 143 144 145 146 147 148 150 154 156 159 162 164 165 166 167 168 169 171 172 173 174
Camera 1\2. 5 Oct - 28 Oct 2016\100RECNX\IMG_6343 b.JPG,128,11,16,064 080 081 096 097 098 099 100 101 102 103 112 113 114 115 116 117 118 119 120 121 122 123 124 126 127 128 129 130 131 132 133 134 135 136 137 138 139 140 141 142 143 144 145 146 147 148 149 150 151 152 153 154 155 157 158 159 160 161 162 163 164 165 166 167 168 169 170 171 172 173 174 175
Camera 1\2. 5 Oct - 28 Oct 2016\100RECNX\IMG_5389 b.JPG,128,11,16,044 045 046 047 060 061 062 063
Camera 2\2. 5 Oct - 28 Oct 2016\100RECNX\IMG_1027 b.JPG,128,11,16,068 070 071 072 073 074 075 076 077 078 079 081 085 086 087 088 089 090 091 092 093 094 095 100 101 102 103 104 105 107 108 109 110 111 115 116 117 118 119 120 121 122
Camera 3\2. 5 Oct -28 Oct 2016\100RECNX\IMG_1512 b.JPG,128,11,16,003 004 006 007 008 010 011 012 013 014 015 022 023 024 025 026 027 028 029 030
Camera 3\2. 5 Oct -28 Oct 2016\100RECNX\IMG_2936 b.JPG,128,11,16,049 050 051 052 053 054 055 070 118 119 121 122 123
Camera 2\1. 28 Sept - 5 Oct 2016\103RECNX\IMG_5112 b.JPG,128,11,16,032 065 102 103 104 105 106 107 108 109 110 111 117 118 119 120 121 122 135
Camera 6\2. 5 Oct - 28 Oct 2016\100RECNX\IMG_3657 b.JPG,128,11,16,035 037 038 039 040 041 042 043 044 045 046 049 054 055 056 057 061 062 063 067 068 069 070 071 078
Camera 3\2. 5 Oct -28 Oct 2016\100RECNX\IMG_3434 b.JPG,128,11,16,016 017 018 019 020 021
Camera 5\2. 5 Oct - 28 Oct 2016\100RECNX\IMG_1780 b.JPG,128,11,16,080 086 087 090 093 095 096 098 099 102 103 105 106 107 108 110 114 116 119 120 122 123 124 125 128 131 132 133 134 135 136 139 140 141 142 143 144 148 149 151 152 153 154 155 156 158 159 160 162 163 168 169 171 172
Camera 6\2. 5 Oct - 28 Oct 2016\100RECNX\IMG_2326 b.JPG,128,11,16,027 028 043 044 045 046
Camera 2\2. 5 Oct - 28 Oct 2016\100RECNX\IMG_1782 b.JPG,128,11,16,094 095 110 111
Camera 5\2. 5 Oct - 28 Oct 2016\100RECNX\IMG_0543 b.JPG,128,11,16,055 061 062 063 064 065 077 080 081 089 090 092 093 108 114 124 125 132 147 148 164
Camera 6\2. 5 Oct - 28 Oct 2016\100RECNX\IMG_2688 b.JPG,128,11,16,067 069 074 075 076
Camera 3\2. 5 Oct -28 Oct 2016\100RECNX\IMG_2516 b.JPG,128,11,16,055 056 057 058 059 060 061 071 072
Camera 6\2. 5 Oct - 28 Oct 2016\100RECNX\IMG_2771 b.JPG,128,11,16,073 102 103 104 118 119 120 136 144 170
Camera 1\2. 5 Oct - 28 Oct 2016\100RECNX\IMG_4247 b.JPG,128,11,16,082 086 087 088 089 090 091 092 093 094 098 099 100 101 102 103 104 105 106 107 108 109 113 114 116 117 118 119 123 125 130 138 139 140 144 145 146 147 148 149 153 158 159 163 164 166 168 169 171 172 174
Camera 1\2. 5 Oct - 28 Oct 2016\100RECNX\IMG_8014 b.JPG,128,11,16,016 017 032 033
Camera 6\1. 28 Sept - 5 Oct 2016\100RECNX\IMG_2286 b.JPG,128,11,16,005 019 039 046 047 054 062 071
Camera 2\2. 5 Oct - 28 Oct 2016\100RECNX\IMG_0518 b.JPG,128,11,16,119 120 121
Camera 6\1. 28 Sept - 5 Oct 2016\100RECNX\IMG_2731 b.JPG,128,11,16,036 053 054 069 071
Camera 3\2. 5 Oct -28 Oct 2016\100RECNX\IMG_1369 b.JPG,128,11,16,007 023 024
Camera 3\2. 5 Oct -28 Oct 2016\100RECNX\IMG_3549 b.JPG,128,11,16,002 003 004 007 018 023 024
Camera 2\2. 5 Oct - 28 Oct 2016\100RECNX\IMG_3160 b.JPG,128,11,16,023 025 039 040 051 052 053 054 055 056 066 067 068 069 070 072 083 084 085
Camera 2\1. 28 Sept - 5 Oct 2016\103RECNX\IMG_5172 b.JPG,128,11,16,036 059 068 069 070 071 076 078 079
Camera 5\2. 5 Oct - 28 Oct 2016\100RECNX\IMG_1763 b.JPG,128,11,16,069 071 072 074 075 080 081 082 085 087 088 089 090 091 093 095 097 099 100 104 105 106 112 114 115 116 117 118 125 131 132 133 139 140 141 143 147 148 149 150 156 157 160 161 172 173
Camera 5\2. 5 Oct - 28 Oct 2016\100RECNX\IMG_2515 b.JPG,128,11,16,065 066 067 068 069 070 071 072 075 076 077 078 080 081 082 083 084 085 086 087 088 089 090 091 092 093 094 095 096 097 098 100 103 106 107 111 113 118 123 124 132 134 137 142 152 158 159 163 175
Camera 5\2. 5 Oct - 28 Oct 2016\100RECNX\IMG_2566 b.JPG,128,11,16,075 076 077 078 079 080 081 082 083 084 085 086 087 088 089 090 091 092 093 094 095 096 097 098 099 100 101 102 103 104 105 106 107 108 109 110 111 113 114 115 117 118 120 121 123 125 126 129 130 134 135 136 137 138 139 140 141 142 143 144 145 146 147 148 149 150 151 154 155 156 157 158 159 160 161 162 163 164 167 168 169 171 172
Camera 6\2. 5 Oct - 28 Oct 2016\100RECNX\IMG_4605 b.JPG,128,11,16,031 033 037 038 045 046 050 052 053
Camera 1\2. 5 Oct - 28 Oct 2016\100RECNX\IMG_8194 b.JPG,128,11,16,025 026 027 028 029 030 031 041 042 043 044 045 046 047
Camera 3\2. 5 Oct -28 Oct 2016\100RECNX\IMG_2411 b.JPG,128,11,16,050 051 052 053
Camera 5\2. 5 Oct - 28 Oct 2016\100RECNX\IMG_1764 b.JPG,128,11,16,065 067 069 074 075 078 080 081 087 091 094 095 099 105 106 107 108 109 118 121 125 126 131 132 133 134 136 144 145 146 147 148 152 159 161 163 172
Camera 2\2. 5 Oct - 28 Oct 2016\100RECNX\IMG_3666 b.JPG,128,11,16,000 001 002 003 004 016 017 018 019 020 032 033 034 035 036 048 049 050 051 052 053 055 064 065 066 067 068 069 070 071 072 073 074 075 076 080 081 082 083 084 085 086 087 088 089 090 091 092 093 101 102 103
Camera 2\2. 5 Oct - 28 Oct 2016\100RECNX\IMG_4511 b.JPG,128,11,16,088 091 092 093 094 095 100 101 102 104 105 106 107 108 109 110 112 113 114 115 116 117 118 119 120 121 122 123 124 125 126 128 129 130 131 134 135 136 137 144 145 146 147 148 150 151 163
Camera 6\2. 5 Oct - 28 Oct 2016\100RECNX\IMG_2309 b.JPG,128,11,16,082 087 088 089 098 102 103 104 105 117 118 119 120 145 147
Camera 6\2. 5 Oct - 28 Oct 2016\100RECNX\IMG_1072 b.JPG,128,11,16,136
Camera 6\2. 5 Oct - 28 Oct 2016\100RECNX\IMG_4168 b.JPG,128,11,16,023 027 032 033 034 035 036 037 038 039 040 041 042 043 048 049 050 051 052 053 056 057 058
Camera 2\1. 28 Sept - 5 Oct 2016\103RECNX\IMG_4193 b.JPG,128,11,16,070 071 072 074 075
Camera 2\1. 28 Sept - 5 Oct 2016\103RECNX\IMG_5346 b.JPG,128,11,16,067 068 069 070 083 084 085 086
Camera 6\2. 5 Oct - 28 Oct 2016\100RECNX\IMG_4056 b.JPG,128,11,16,053 065 066 067 068 069
Camera 2\2. 5 Oct - 28 Oct 2016\100RECNX\IMG_2002 b.JPG,128,11,16,110 111 124 125 126 127 138 140
Camera 2\2. 5 Oct - 28 Oct 2016\100RECNX\IMG_1944 b.JPG,128,11,16,102 103 104 107 108 109 110 111 117 118 119 120 121 122 123 124 125 126 127 129 134 138 140 141 142 143
Camera 2\1. 28 Sept - 5 Oct 2016\103RECNX\IMG_2746 b.JPG,128,11,16,71
Camera 3\2. 5 Oct -28 Oct 2016\100RECNX\IMG_1065 b.JPG,128,11,16,050 051 052 053
Camera 6\2. 5 Oct - 28 Oct 2016\100RECNX\IMG_4615 b.JPG,128,11,16,000 001 026 028 034 035 036 037 038 040 041 048 049 050 051 052 053 054 055 056 057 058 059 062 063 064 065 066 067 068 069 070 071 072 073 074 075 076 077 078 079 083 084 085 086 087
Camera 3\2. 5 Oct -28 Oct 2016\100RECNX\IMG_0549 b.JPG,128,11,16,024 052 053 054 055
Camera 3\2. 5 Oct -28 Oct 2016\100RECNX\IMG_1972 b.JPG,128,11,16,051 052 053
Camera 6\1. 28 Sept - 5 Oct 2016\100RECNX\IMG_1633 b.JPG,128,11,16,66
Camera 6\2. 5 Oct - 28 Oct 2016\100RECNX\IMG_4088 b.JPG,128,11,16,052 053 055 064 065 066 069
Camera 2\2. 5 Oct - 28 Oct 2016\100RECNX\IMG_2406 b.JPG,128,11,16,118 119 120 121 122 123 124 125 127 129 130 131 137
Camera 5\2. 5 Oct - 28 Oct 2016\100RECNX\IMG_0435 b.JPG,128,11,16,030 031 066 074 078 079 080 082 083 085 086 087 088 090 091 093 097 098 103 104 106 108 109 110 113 114 118 119 123 134 136 137 138 139 145 148 149 150 153 158 159 162
Camera 1\2. 5 Oct - 28 Oct 2016\100RECNX\IMG_5286 b.JPG,128,11,16,032 048 049 050 051 052 053 054 064 065 066 067 068 069 070 071 072 073 074 075 080 081 082 083 084 085 086 087 088 089 090 091 092 093 094 095 096 097 098 099 100 101 102 103 104 105 106 107 108 109 110 111 112 113 114 115 116 117 118 119 120 121 122 123 124 125 126 127 128 129 130 131 132 133 134 135 136 137 138 139 140 141 142 143 144 145 146 147 148 149 150 151 152 153 154 155 157 160 161 162 163 164 165 166 167 168 169 170 171 172 173 174 175
Camera 6\2. 5 Oct - 28 Oct 2016\100RECNX\IMG_4068 b.JPG,128,11,16,009 026 041 042 054 057
Camera 6\1. 28 Sept - 5 Oct 2016\100RECNX\IMG_0617 b.JPG,128,11,16,036 037
Camera 2\2. 5 Oct - 28 Oct 2016\100RECNX\IMG_2398 b.JPG,128,11,16,011 019 020 021 022 023 024 025 026 027 028 035 036 037 038 039
Camera 6\2. 5 Oct - 28 Oct 2016\100RECNX\IMG_0480 b.JPG,128,11,16,014 015
Camera 2\2. 5 Oct - 28 Oct 2016\100RECNX\IMG_1367 b.JPG,128,11,16,072 077
Camera 6\2. 5 Oct - 28 Oct 2016\100RECNX\IMG_5493 b.JPG,128,11,16,034 035 036 037 038 039 048 049 050 052 053 054 055 064 065 066 067 068 080 081 082
Camera 5\2. 5 Oct - 28 Oct 2016\100RECNX\IMG_1026 b.JPG,128,11,16,007 008 032 034 035 067 080 081 083
Camera 2\2. 5 Oct - 28 Oct 2016\100RECNX\IMG_1387 b.JPG,128,11,16,075 076 077 078 089 090 091 092 093 094 095 101 102 103 104 118
Camera 2\2. 5 Oct - 28 Oct 2016\100RECNX\IMG_2602 b.JPG,128,11,16,000 001 002 003 004 005 006 007 009 010 011 014 015 016 017 018 019 020 021 022 023 024 026 027 028 029 030 032 033 034 035 036 037 038 039 040 041 042 043 044 045 047 048 049 050 051 052 053 054 055 056 057 058 059 061 064 065 066 067 068 069 070 071 072 073 074 075 076 077 078 080 081 082 083 084 085 086 087 088 089 090 091 092 093 094 095 097 098 099 100 101 102 103 104 105 106 107 108 109 110 111 118 119 120 121 122 123 124 125 126 127
Camera 1\2. 5 Oct - 28 Oct 2016\100RECNX\IMG_9122 b.JPG,128,11,16,001 007 026 027 028 029
Camera 6\1. 28 Sept - 5 Oct 2016\100RECNX\IMG_2582 b.JPG,128,11,16,055 056
Camera 2\2. 5 Oct - 28 Oct 2016\100RECNX\IMG_1774 b.JPG,128,11,16,088 089 090 091 103 104 118 119 120 121
Camera 5\2. 5 Oct - 28 Oct 2016\100RECNX\IMG_1040 b.JPG,128,11,16,035 064 065 066 067 071 072 080 081 082 083 084 085 086 087 094 096 097 110 112 117 130 131 133 148 149 160 162
Camera 3\2. 5 Oct -28 Oct 2016\100RECNX\IMG_2491 b.JPG,128,11,16,052 053 054 055
Camera 2\2. 5 Oct - 28 Oct 2016\100RECNX\IMG_0905 b.JPG,128,11,16,094 106 108 109 111 116 117 118 119 131 132 133
Camera 3\2. 5 Oct -28 Oct 2016\100RECNX\IMG_2492 b.JPG,128,11,16,052 053 054 055
Camera 6\2. 5 Oct - 28 Oct 2016\100RECNX\IMG_4621 b.JPG,128,11,16,040 055 069 070 071 072 074 083 084 085
Camera 3\2. 5 Oct -28 Oct 2016\100RECNX\IMG_1911 b.JPG,128,11,16,000 001 002 003 004 005 006 007 008 016 017 018 019 020 021 022 023 024 025 026 027 028 029 030 032
Camera 2\2. 5 Oct - 28 Oct 2016\100RECNX\IMG_3618 b.JPG,128,11,16,045 047 056 057 058 059 060 061 064 065 066 067 068 069 070 071 072
Camera 3\2. 5 Oct -28 Oct 2016\100RECNX\IMG_2524 b.JPG,128,11,16,030 031 035 038 039 049 050 051 052 053 054 055
Camera 2\1. 28 Sept - 5 Oct 2016\103RECNX\IMG_4990 b.JPG,128,11,16,61
Camera 6\1. 28 Sept - 5 Oct 2016\100RECNX\IMG_1314 b.JPG,128,11,16,008 009 010 013 014 023 024 025 026 028 029 043
Camera 2\2. 5 Oct - 28 Oct 2016\100RECNX\IMG_2595 b.JPG,128,11,16,090 098 102 103 104 108 109 110 111 116 117 118 119 120 121 123 124 125 126 127 135 140 141 142 152 159 168 171
Camera 2\2. 5 Oct - 28 Oct 2016\100RECNX\IMG_0848 b.JPG,128,11,16,85
Camera 1\2. 5 Oct - 28 Oct 2016\100RECNX\IMG_0928 b.JPG,128,11,16,000 001 002 003 004 005 006 007 008 009 010 011 012 013 014 015 016 017 018 019 020 021 022 023 024 025 026 027 028 029 030 031 032 033 034 035 036 037 038 039 040 041 042 043 044 045 046 047 048 049 050 051 052 053 054 055 056 057 058 059 060 061 062 063 064 065 066 067 068 069 070 071 072 073 074 075 076 077 078 079 080 081 082 083 084 085 086 087 088 089 090 091 092 093 094 095 096 097 098 099 100 101 102 103 104 105 106 107 108 109 110 111 112 113 114 116 117 118 119 120 121 122 123 124 126 127 128 129 130 131 132 133 134 135 136 137 138 139 140 142 143 144 145 146 147 148 149 150 151 152 153 154 155 157 158 159 160 161 162 163 164 165 166 167 168 169 170 171 172 173 174 175
